Date,samsung,kospi,index,sp500,rate,Volume,EXIM,GDP
2017-01-02,36100,2026.16,100.3,2257.83,1203.93,229880000,3401.7,"450,374.80"
2017-01-03,36480,2043.97,100.3,2257.83,1206.82,268130000,3401.7,"450,374.80"
2017-01-04,36160,2045.64,100.3,2270.75,1196.15,371490000,3401.7,"450,374.80"
2017-01-05,35560,2041.95,100.3,2269,1182.19,541340000,3401.7,"450,374.80"
2017-01-06,36200,2049.12,100.3,2276.98,1202,455350000,3401.7,"450,374.80"
2017-01-09,37220,2048.78,100.3,2268.9,1203.36,398290000,3401.7,"450,374.80"
2017-01-10,37240,2045.12,100.3,2268.9,1201.8,512660000,3401.7,"450,374.80"
2017-01-11,38280,2075.17,100.3,2275.32,1187.88,335530000,3401.7,"450,374.80"
2017-01-12,38800,2087.14,100.3,2270.44,1175.91,555840000,3401.7,"450,374.80"
2017-01-13,37460,2076.79,100.3,2274.64,1175,518280000,3401.7,"450,374.80"
2017-01-16,36660,2064.17,100.3,2271.265,1183.38,683930000,3401.7,"450,374.80"
2017-01-17,36960,2071.87,100.3,2267.89,1160.84,601440000,3401.7,"450,374.80"
2017-01-18,36940,2070.54,100.3,2271.89,1178.38,530130000,3401.7,"450,374.80"
2017-01-19,37480,2072.79,100.3,2263.69,1175.18,415670000,3401.7,"450,374.80"
2017-01-20,37200,2065.61,100.3,2271.31,1175.39,392650000,3401.7,"450,374.80"
2017-01-23,38060,2065.99,100.3,2265.2,1163.23,444860000,3401.7,"450,374.80"
2017-01-24,38160,2065.76,100.3,2280.07,1170.23,312410000,3401.7,"450,374.80"
2017-01-25,39400,2066.94,100.3,2298.37,1162.7,310240000,3401.7,"450,374.80"
2017-01-26,39900,2083.59,100.3,2296.68,1172.39,257920000,3401.7,"450,374.80"
2017-01-31,39460,2067.57,100.3,2278.87,1151.65,288280000,3401.7,"450,374.80"
2017-02-01,39120,2080.48,100.5,2279.55,1153.71,452530000,7438.6,"450,374.80"
2017-02-02,39360,2071.01,100.5,2280.85,1144.1,825480000,7438.6,"450,374.80"
2017-02-03,39460,2073.16,100.5,2297.42,1138.52,392580000,7438.6,"450,374.80"
2017-02-06,39560,2077.66,100.5,2292.56,1134.99,315320000,7438.6,"450,374.80"
2017-02-07,38820,2075.21,100.5,2293.08,1143.39,271810000,7438.6,"450,374.80"
2017-02-08,38400,2065.08,100.5,2294.67,1145.2,266720000,7438.6,"450,374.80"
2017-02-09,38400,2065.88,100.5,2307.87,1151.02,236010000,7438.6,"450,374.80"
2017-02-10,38360,2075.08,100.5,2316.1,1146.6,314680000,7438.6,"450,374.80"
2017-02-13,37960,2078.65,100.5,2328.25,1149.71,289680000,7438.6,"450,374.80"
2017-02-14,37580,2074.57,100.5,2337.58,1138.89,332370000,7438.6,"450,374.80"
2017-02-15,37720,2083.86,100.5,2349.25,1135.28,338040000,7438.6,"450,374.80"
2017-02-16,38020,2081.84,100.5,2347.22,1141.99,330470000,7438.6,"450,374.80"
2017-02-17,37860,2080.58,100.5,2351.16,1150.78,301520000,7438.6,"450,374.80"
2017-02-20,38660,2084.39,100.5,2358.27,1145.38,297200000,7438.6,"450,374.80"
2017-02-21,38940,2102.93,100.5,2365.38,1142.89,292540000,7438.6,"450,374.80"
2017-02-22,39300,2106.61,100.5,2362.82,1138.48,312220000,7438.6,"450,374.80"
2017-02-23,39180,2107.63,100.5,2363.81,1133.1,430850000,7438.6,"450,374.80"
2017-02-24,38220,2094.12,100.5,2367.34,1130.5,385400000,7438.6,"450,374.80"
2017-02-27,38060,2085.52,100.5,2369.75,1134.65,343700000,7438.6,"450,374.80"
2017-02-28,38440,2091.64,100.5,2363.64,1137.8,399820000,7438.6,"450,374.80"
2017-03-02,39720,2102.65,100.6,2381.92,1150.71,434710000,5140.3,"450,374.80"
2017-03-03,39620,2078.75,100.6,2383.12,1152.32,425940000,5140.3,"450,374.80"
2017-03-06,40080,2081.36,100.6,2375.31,1155.15,431440000,5140.3,"450,374.80"
2017-03-07,40200,2094.05,100.6,2368.39,1150.67,277830000,5140.3,"450,374.80"
2017-03-08,40200,2095.41,100.6,2362.98,1155.19,381440000,5140.3,"450,374.80"
2017-03-09,40200,2091.06,100.6,2364.87,1160.1,408230000,5140.3,"450,374.80"
2017-03-10,40180,2097.35,100.6,2372.6,1148.81,500860000,5140.3,"450,374.80"
2017-03-13,40600,2117.59,100.6,2373.47,1147.99,382130000,5140.3,"450,374.80"
2017-03-14,41360,2133.78,100.6,2365.45,1149.97,365080000,5140.3,"450,374.80"
2017-03-15,41400,2133,100.6,2385.26,1128.62,374700000,5140.3,"450,374.80"
2017-03-16,41840,2150.08,100.6,2381.38,1128.82,402420000,5140.3,"450,374.80"
2017-03-17,42400,2164.58,100.6,2378.25,1129.04,302790000,5140.3,"450,374.80"
2017-03-20,41900,2157.01,100.6,2373.47,1114.52,264950000,5140.3,"450,374.80"
2017-03-21,42560,2178.38,100.6,2344.02,1123.03,303940000,5140.3,"450,374.80"
2017-03-22,42460,2168.3,100.6,2348.45,1117.28,394430000,5140.3,"450,374.80"
2017-03-23,41800,2172.72,100.6,2345.96,1122.68,358610000,5140.3,"450,374.80"
2017-03-24,41500,2168.95,100.6,2343.98,1117.56,358670000,5140.3,"450,374.80"
2017-03-27,41200,2155.66,100.6,2341.59,1111.32,395860000,5140.3,"450,374.80"
2017-03-28,41480,2163.31,100.6,2358.57,1116.41,393970000,5140.3,"450,374.80"
2017-03-29,41780,2166.98,100.6,2361.13,1111.47,626790000,5140.3,"450,374.80"
2017-03-30,41980,2164.64,100.6,2368.06,1118.6,643560000,5140.3,"450,374.80"
2017-03-31,41200,2160.23,100.6,2362.72,1117.65,441640000,5140.3,"450,374.80"
2017-04-03,41440,2167.51,100.7,2358.84,1117.28,398510000,3184,"454,700.50"
2017-04-04,42080,2161.1,100.7,2360.16,1125.1,522090000,3184,"454,700.50"
2017-04-05,42140,2160.85,100.7,2352.95,1128.28,571690000,3184,"454,700.50"
2017-04-06,41840,2152.75,100.7,2357.49,1131.3,510160000,3184,"454,700.50"
2017-04-07,41600,2151.73,100.7,2355.54,1137.89,408460000,3184,"454,700.50"
2017-04-10,41940,2133.32,100.7,2357.16,1143.47,512920000,3184,"454,700.50"
2017-04-11,41600,2123.85,100.7,2353.78,1145.63,489310000,3184,"454,700.50"
2017-04-12,41900,2128.91,100.7,2344.93,1134.95,427360000,3184,"454,700.50"
2017-04-13,42420,2148.61,100.7,2328.95,1136.32,357580000,3184,"454,700.50"
2017-04-14,42020,2134.88,100.7,2338.98,1136.45,383690000,3184,"454,700.50"
2017-04-17,41560,2145.76,100.7,2349.01,1133.02,259300000,3184,"454,700.50"
2017-04-18,41500,2148.46,100.7,2342.19,1142.64,291400000,3184,"454,700.50"
2017-04-19,40900,2138.4,100.7,2338.17,1143.69,344220000,3184,"454,700.50"
2017-04-20,40280,2149.15,100.7,2355.84,1138.12,268320000,3184,"454,700.50"
2017-04-21,40760,2165.04,100.7,2348.69,1134.57,281540000,3184,"454,700.50"
2017-04-24,41240,2173.74,100.7,2374.15,1134.38,374710000,3184,"454,700.50"
2017-04-25,42700,2196.85,100.7,2388.61,1128.23,275900000,3184,"454,700.50"
2017-04-26,42800,2207.84,100.7,2387.45,1133.03,397530000,3184,"454,700.50"
2017-04-27,43840,2209.46,100.7,2388.77,1131.65,386110000,3184,"454,700.50"
2017-04-28,44620,2205.44,100.7,2384.2,1137.88,268640000,3184,"454,700.50"
2017-05-02,44900,2219.67,100.7,2391.17,1129.2,295140000,4262.1,"454,700.50"
2017-05-04,45520,2241.24,100.7,2389.52,1135.6,261920000,4262.1,"454,700.50"
2017-05-08,47020,2292.76,100.7,2399.38,1133.69,281760000,4262.1,"454,700.50"
2017-05-10,45600,2270.12,100.7,2399.63,1132.05,422890000,4262.1,"454,700.50"
2017-05-11,45500,2296.37,100.7,2394.44,1124.41,463460000,4262.1,"454,700.50"
2017-05-12,45820,2286.02,100.7,2390.9,1123.41,335340000,4262.1,"454,700.50"
2017-05-15,46100,2290.65,100.7,2402.32,1118.12,251590000,4262.1,"454,700.50"
2017-05-16,46380,2295.33,100.7,2400.67,1116.06,368140000,4262.1,"454,700.50"
2017-05-17,46340,2293.08,100.7,2357.03,1123.06,394820000,4262.1,"454,700.50"
2017-05-18,45940,2286.82,100.7,2365.72,1129.19,378320000,4262.1,"454,700.50"
2017-05-19,44720,2288.48,100.7,2381.73,1117.62,421130000,4262.1,"454,700.50"
2017-05-22,45100,2304.03,100.7,2394.02,1116.04,340060000,4262.1,"454,700.50"
2017-05-23,44920,2311.74,100.7,2398.42,1125.46,341080000,4262.1,"454,700.50"
2017-05-24,44880,2317.34,100.7,2404.39,1119.23,409560000,4262.1,"454,700.50"
2017-05-25,45680,2342.93,100.7,2415.07,1120.36,369280000,4262.1,"454,700.50"
2017-05-26,46080,2355.3,100.7,2415.82,1118.84,312900000,4262.1,"454,700.50"
2017-05-29,45620,2352.97,100.7,2414.365,1122.05,316180000,4262.1,"454,700.50"
2017-05-30,44640,2343.68,100.7,2412.91,1124.49,508840000,4262.1,"454,700.50"
2017-05-31,44700,2347.38,100.7,2411.8,1119.65,555940000,4262.1,"454,700.50"
2017-06-01,44680,2344.61,100.9,2430.06,1122.13,336690000,7008.9,"454,700.50"
2017-06-02,45960,2371.72,100.9,2439.07,1118.39,399500000,7008.9,"454,700.50"
2017-06-05,45940,2368.62,100.9,2436.1,1118.31,326410000,7008.9,"454,700.50"
2017-06-07,45300,2360.14,100.9,2433.14,1124.28,376210000,7008.9,"454,700.50"
2017-06-08,45160,2363.57,100.9,2433.79,1121.95,417080000,7008.9,"454,700.50"
2017-06-09,46100,2381.69,100.9,2431.77,1125.3,520560000,7008.9,"454,700.50"
2017-06-12,45380,2357.87,100.9,2429.39,1130.97,327230000,7008.9,"454,700.50"
2017-06-13,45400,2374.7,100.9,2440.35,1127.73,322080000,7008.9,"454,700.50"
2017-06-14,45360,2372.64,100.9,2437.92,1119.93,393000000,7008.9,"454,700.50"
2017-06-15,45680,2361.65,100.9,2432.46,1130.84,334890000,7008.9,"454,700.50"
2017-06-16,45580,2361.83,100.9,2433.15,1133.08,329180000,7008.9,"454,700.50"
2017-06-19,46560,2370.9,100.9,2453.46,1136.78,290940000,7008.9,"454,700.50"
2017-06-20,48140,2369.23,100.9,2437.03,1141.93,360730000,7008.9,"454,700.50"
2017-06-21,47480,2357.53,100.9,2435.61,1143.32,360340000,7008.9,"454,700.50"
2017-06-22,47960,2370.37,100.9,2434.5,1139.3,299230000,7008.9,"454,700.50"
2017-06-23,47620,2378.6,100.9,2438.3,1134.89,256260000,7008.9,"454,700.50"
2017-06-26,48280,2388.66,100.9,2439.07,1133.52,325670000,7008.9,"454,700.50"
2017-06-27,48300,2391.95,100.9,2419.38,1140.56,358030000,7008.9,"454,700.50"
2017-06-28,47700,2382.56,100.9,2440.69,1138.93,361180000,7008.9,"454,700.50"
2017-06-29,47940,2395.66,100.9,2419.7,1147.3,445130000,7008.9,"454,700.50"
2017-06-30,47540,2391.79,100.9,2423.41,1145.43,343530000,7008.9,"454,700.50"
2017-07-03,47220,2394.48,100.9,2429.01,1150.28,310990000,7467.4,"467,491.90"
2017-07-04,47000,2380.52,100.9,2430.775,1150.73,411780000,7467.4,"467,491.90"
2017-07-05,47580,2388.35,100.9,2432.54,1153.34,333720000,7467.4,"467,491.90"
2017-07-06,48060,2387.81,100.9,2409.75,1157.26,301470000,7467.4,"467,491.90"
2017-07-07,47860,2379.87,100.9,2425.18,1153.74,314370000,7467.4,"467,491.90"
2017-07-10,48660,2382.1,100.9,2427.43,1149.58,296260000,7467.4,"467,491.90"
2017-07-11,49000,2396,100.9,2425.53,1149.17,284460000,7467.4,"467,491.90"
2017-07-12,49880,2391.77,100.9,2443.25,1138.32,268930000,7467.4,"467,491.90"
2017-07-13,50560,2409.49,100.9,2447.83,1137.85,289260000,7467.4,"467,491.90"
2017-07-14,50480,2414.63,100.9,2459.27,1129.1,258770000,7467.4,"467,491.90"
2017-07-17,50640,2425.1,100.9,2459.14,1128.39,254200000,7467.4,"467,491.90"
2017-07-18,50840,2426.04,100.9,2460.61,1125.29,260660000,7467.4,"467,491.90"
2017-07-19,50740,2429.94,100.9,2473.83,1124.6,270960000,7467.4,"467,491.90"
2017-07-20,51200,2441.84,100.9,2473.45,1121.24,251920000,7467.4,"467,491.90"
2017-07-21,51080,2450.06,100.9,2472.54,1118.84,250130000,7467.4,"467,491.90"
2017-07-24,50860,2451.53,100.9,2469.91,1115.4,233410000,7467.4,"467,491.90"
2017-07-25,50000,2439.9,100.9,2477.13,1120.02,275200000,7467.4,"467,491.90"
2017-07-26,49840,2434.51,100.9,2477.83,1112.6,336110000,7467.4,"467,491.90"
2017-07-27,49800,2443.24,100.9,2475.42,1117.35,426500000,7467.4,"467,491.90"
2017-07-28,47760,2400.99,100.9,2472.1,1124.69,318650000,7467.4,"467,491.90"
2017-07-31,48200,2402.71,100.9,2470.3,1119.4,277570000,7467.4,"467,491.90"
2017-08-01,48600,2422.96,101.1,2476.35,1121.54,264040000,6139.4,"467,491.90"
2017-08-02,49000,2427.63,101.1,2477.57,1122.97,261570000,6139.4,"467,491.90"
2017-08-03,47780,2386.85,101.1,2472.16,1128.95,303580000,6139.4,"467,491.90"
2017-08-04,47700,2395.45,101.1,2476.83,1128.78,273570000,6139.4,"467,491.90"
2017-08-07,47580,2398.75,101.1,2480.91,1127.15,244120000,6139.4,"467,491.90"
2017-08-08,47720,2394.73,101.1,2474.92,1129.18,252850000,6139.4,"467,491.90"
2017-08-09,46280,2368.39,101.1,2474.02,1139.4,234070000,6139.4,"467,491.90"
2017-08-10,45900,2359.47,101.1,2438.21,1144.17,283870000,6139.4,"467,491.90"
2017-08-11,44620,2319.71,101.1,2441.32,1142.86,318580000,6139.4,"467,491.90"
2017-08-14,45000,2334.22,101.1,2465.84,1139.41,214020000,6139.4,"467,491.90"
2017-08-16,46200,2348.26,101.1,2468.11,1135.6,270520000,6139.4,"467,491.90"
2017-08-17,47040,2361.67,101.1,2430.01,1142.5,255770000,6139.4,"467,491.90"
2017-08-18,46900,2358.37,101.1,2425.55,1139.78,201480000,6139.4,"467,491.90"
2017-08-21,46840,2355,101.1,2428.37,1138.71,207220000,6139.4,"467,491.90"
2017-08-22,47000,2365.33,101.1,2452.51,1132.38,251860000,6139.4,"467,491.90"
2017-08-23,47480,2366.4,101.1,2444.04,1127.58,228620000,6139.4,"467,491.90"
2017-08-24,47520,2375.84,101.1,2438.97,1128.23,295530000,6139.4,"467,491.90"
2017-08-25,47020,2378.51,101.1,2443.05,1121.6,341960000,6139.4,"467,491.90"
2017-08-28,46100,2370.3,101.1,2444.24,1118.47,226870000,6139.4,"467,491.90"
2017-08-29,46080,2364.74,101.1,2446.3,1124.52,223090000,6139.4,"467,491.90"
2017-08-30,46200,2372.29,101.1,2457.59,1124.18,305640000,6139.4,"467,491.90"
2017-08-31,46320,2363.19,101.1,2471.65,1124.86,265050000,6139.4,"467,491.90"
2017-09-01,46480,2357.69,101,2476.55,1121.69,280060000,12337.7,"467,491.90"
2017-09-04,46040,2329.65,101,2467.2,1133.39,248500000,12337.7,"467,491.90"
2017-09-05,46760,2326.62,101,2457.85,1132.52,320430000,12337.7,"467,491.90"
2017-09-06,47000,2319.82,101,2465.54,1132.85,252680000,12337.7,"467,491.90"
2017-09-07,48120,2346.19,101,2465.1,1127.89,277040000,12337.7,"467,491.90"
2017-09-08,49080,2343.72,101,2461.43,1131.97,214590000,12337.7,"467,491.90"
2017-09-11,49800,2359.08,101,2488.11,1130.34,243610000,12337.7,"467,491.90"
2017-09-12,49600,2365.47,101,2496.48,1128.69,333570000,12337.7,"467,491.90"
2017-09-13,49620,2360.18,101,2498.37,1132.08,318870000,12337.7,"467,491.90"
2017-09-14,50300,2377.66,101,2495.62,1134.32,314260000,12337.7,"467,491.90"
2017-09-15,50400,2386.07,101,2500.23,1133.21,298740000,12337.7,"467,491.90"
2017-09-18,52480,2418.21,101,2503.87,1129.86,273480000,12337.7,"467,491.90"
2017-09-19,52120,2416.05,101,2506.65,1131.18,254590000,12337.7,"467,491.90"
2017-09-20,52220,2412.2,101,2508.24,1131.79,303290000,12337.7,"467,491.90"
2017-09-21,52800,2406.5,101,2500.6,1132.76,335340000,12337.7,"467,491.90"
2017-09-22,53000,2388.71,101,2502.22,1133.13,333620000,12337.7,"467,491.90"
2017-09-25,53620,2380.4,101,2496.66,1134.8,339350000,12337.7,"467,491.90"
2017-09-26,51660,2374.32,101,2496.84,1137.62,319120000,12337.7,"467,491.90"
2017-09-27,51680,2372.57,101,2507.04,1145.76,202620000,12337.7,"467,491.90"
2017-09-28,51260,2373.14,101,2510.06,1146.58,194770000,12337.7,"467,491.90"
2017-09-29,51280,2394.47,101,2519.36,1145.3,184190000,12337.7,"467,491.90"
2017-10-10,52800,2433.81,101,2550.64,1135.31,221740000,6890,"463,131.10"
2017-10-11,54640,2458.16,101,2555.24,1132.91,201770000,6890,"463,131.10"
2017-10-12,54800,2474.76,101,2550.93,1132.89,256210000,6890,"463,131.10"
2017-10-13,54000,2473.62,101,2553.17,1126.67,234800000,6890,"463,131.10"
2017-10-16,53920,2480.05,101,2557.64,1128.28,224420000,6890,"463,131.10"
2017-10-17,54800,2484.37,101,2559.36,1131.21,199050000,6890,"463,131.10"
2017-10-18,54760,2482.91,101,2561.26,1132.88,244240000,6890,"463,131.10"
2017-10-19,52980,2473.06,101,2562.1,1129.01,236620000,6890,"463,131.10"
2017-10-20,53840,2489.54,101,2575.21,1132.31,313210000,6890,"463,131.10"
2017-10-23,54300,2490.05,101,2564.98,1130.86,274200000,6890,"463,131.10"
2017-10-24,54040,2490.49,101,2569.13,1130.93,232010000,6890,"463,131.10"
2017-10-25,53900,2492.5,101,2557.15,1127.81,599440000,6890,"463,131.10"
2017-10-26,52400,2480.63,101,2560.4,1128.75,646880000,6890,"463,131.10"
2017-10-27,53080,2496.63,101,2581.07,1125.97,511230000,6890,"463,131.10"
2017-10-30,54040,2501.93,101,2572.83,1124.78,342010000,6890,"463,131.10"
2017-10-31,55080,2523.43,101,2575.26,1118.42,313790000,6890,"463,131.10"
2017-11-01,57220,2556.47,100.9,2579.36,1111.52,361800000,7474.3,"463,131.10"
2017-11-02,57060,2546.36,100.9,2579.85,1112.35,527730000,7474.3,"463,131.10"
2017-11-03,56380,2557.97,100.9,2587.84,1116.29,292770000,7474.3,"463,131.10"
2017-11-06,56380,2549.41,100.9,2591.13,1112.84,221190000,7474.3,"463,131.10"
2017-11-07,56100,2545.44,100.9,2590.64,1113.93,253920000,7474.3,"463,131.10"
2017-11-08,56760,2552.4,100.9,2594.38,1114.31,277040000,7474.3,"463,131.10"
2017-11-09,56340,2550.57,100.9,2584.62,1118.36,293540000,7474.3,"463,131.10"
2017-11-10,56400,2542.95,100.9,2582.3,1120.96,291520000,7474.3,"463,131.10"
2017-11-13,56380,2530.35,100.9,2584.84,1119.89,266530000,7474.3,"463,131.10"
2017-11-14,55920,2526.64,100.9,2578.87,1115.52,287770000,7474.3,"463,131.10"
2017-11-15,55340,2518.25,100.9,2564.62,1105.69,398220000,7474.3,"463,131.10"
2017-11-16,55780,2534.79,100.9,2585.64,1097.18,302930000,7474.3,"463,131.10"
2017-11-17,55820,2533.99,100.9,2578.85,1094.32,362190000,7474.3,"463,131.10"
2017-11-20,55200,2527.67,100.9,2582.14,1097.04,404260000,7474.3,"463,131.10"
2017-11-21,55280,2530.7,100.9,2599.03,1091.13,484890000,7474.3,"463,131.10"
2017-11-22,55960,2540.51,100.9,2597.08,1086.06,485670000,7474.3,"463,131.10"
2017-11-23,55300,2537.15,100.9,2599.75,1083.99,391290000,7474.3,"463,131.10"
2017-11-24,55460,2544.33,100.9,2602.42,1085.62,297940000,7474.3,"463,131.10"
2017-11-27,52640,2507.81,100.9,2601.42,1091.69,284890000,7474.3,"463,131.10"
2017-11-28,53280,2514.19,100.9,2627.04,1083.95,348240000,7474.3,"463,131.10"
2017-11-29,52600,2512.9,100.9,2626.07,1082.1,301210000,7474.3,"463,131.10"
2017-11-30,50800,2476.37,100.9,2647.58,1088.13,339020000,7474.3,"463,131.10"
2017-12-01,50840,2475.41,100.8,2642.22,1083.47,288570000,4486.5,"463,131.10"
2017-12-04,51340,2501.67,100.8,2639.44,1086.3,323850000,4486.5,"463,131.10"
2017-12-05,51260,2510.12,100.8,2629.57,1087.62,395430000,4486.5,"463,131.10"
2017-12-06,50020,2474.37,100.8,2629.27,1093.99,507620000,4486.5,"463,131.10"
2017-12-07,50740,2461.98,100.8,2636.98,1093.6,404850000,4486.5,"463,131.10"
2017-12-08,52000,2464,100.8,2651.5,1092.85,406380000,4486.5,"463,131.10"
2017-12-11,51780,2471.49,100.8,2659.99,1088.84,240140000,4486.5,"463,131.10"
2017-12-12,52100,2461,100.8,2664.11,1092.89,281190000,4486.5,"463,131.10"
2017-12-13,51320,2480.55,100.8,2662.85,1084.56,254950000,4486.5,"463,131.10"
2017-12-14,51060,2469.48,100.8,2652.01,1089.22,317790000,4486.5,"463,131.10"
2017-12-15,50620,2482.07,100.8,2675.81,1088.95,340760000,4486.5,"463,131.10"
2017-12-18,51200,2481.88,100.8,2690.16,1086.05,324360000,4486.5,"463,131.10"
2017-12-19,51560,2478.53,100.8,2681.47,1085.67,308390000,4486.5,"463,131.10"
2017-12-20,50880,2472.37,100.8,2679.25,1080.56,236180000,4486.5,"463,131.10"
2017-12-21,49140,2429.83,100.8,2684.57,1080.54,247330000,4486.5,"463,131.10"
2017-12-22,49700,2440.54,100.8,2683.34,1077.74,230410000,4486.5,"463,131.10"
2017-12-26,48200,2427.34,100.8,2680.5,1076.12,224640000,4486.5,"463,131.10"
2017-12-27,49360,2436.67,100.8,2682.62,1075.22,194850000,4486.5,"463,131.10"
2017-12-28,50960,2467.49,100.8,2687.54,1070.26,220340000,4486.5,"463,131.10"
2018-01-02,51020,2479.65,100.8,2695.81,1063.21,262200000,2556.9,"467,773.60"
2018-01-03,51620,2486.35,100.8,2713.06,1064.8,331100000,2556.9,"467,773.60"
2018-01-04,51080,2466.46,100.8,2723.99,1062.28,333840000,2556.9,"467,773.60"
2018-01-05,52120,2497.52,100.8,2743.15,1062.09,308770000,2556.9,"467,773.60"
2018-01-08,52020,2513.28,100.8,2747.71,1068.86,311430000,2556.9,"467,773.60"
2018-01-09,50400,2510.23,100.8,2751.29,1071.97,374320000,2556.9,"467,773.60"
2018-01-10,48840,2499.75,100.8,2748.23,1070.14,444020000,2556.9,"467,773.60"
2018-01-11,48240,2487.91,100.8,2767.56,1065.58,444340000,2556.9,"467,773.60"
2018-01-12,48200,2496.42,100.8,2786.24,1059.99,438780000,2556.9,"467,773.60"
2018-01-15,48540,2503.73,100.8,2781.33,1063.43,404550000,2556.9,"467,773.60"
2018-01-16,50000,2521.74,100.8,2776.42,1064.65,341610000,2556.9,"467,773.60"
2018-01-17,49620,2515.43,100.8,2802.56,1067.36,336710000,2556.9,"467,773.60"
2018-01-18,49900,2515.81,100.8,2798.03,1070.69,333110000,2556.9,"467,773.60"
2018-01-19,49320,2520.26,100.8,2810.3,1067.66,351840000,2556.9,"467,773.60"
2018-01-22,48240,2502.11,100.8,2832.97,1069.4,342990000,2556.9,"467,773.60"
2018-01-23,49160,2536.6,100.8,2839.13,1073.89,370010000,2556.9,"467,773.60"
2018-01-24,49340,2538,100.8,2837.54,1064.98,371090000,2556.9,"467,773.60"
2018-01-25,50260,2562.23,100.8,2839.25,1066.06,514600000,2556.9,"467,773.60"
2018-01-26,50780,2574.76,100.8,2872.87,1064.67,400650000,2556.9,"467,773.60"
2018-01-29,51220,2598.19,100.8,2853.53,1070.95,437480000,2556.9,"467,773.60"
2018-01-30,49800,2567.74,100.8,2822.43,1073.23,397040000,2556.9,"467,773.60"
2018-01-31,49900,2566.46,100.8,2823.81,1070.08,403050000,2556.9,"467,773.60"
2018-02-01,49820,2568.54,100.8,2821.98,1070.94,595150000,3226.7,"467,773.60"
2018-02-02,47700,2525.39,100.8,2762.13,1089.95,481820000,3226.7,"467,773.60"
2018-02-05,47920,2491.75,100.8,2648.94,1094.84,442350000,3226.7,"467,773.60"
2018-02-06,47420,2453.31,100.8,2695.14,1080.06,582840000,3226.7,"467,773.60"
2018-02-07,45800,2396.56,100.8,2681.66,1090.24,460080000,3226.7,"467,773.60"
2018-02-08,46000,2407.62,100.8,2581,1097.58,362420000,3226.7,"467,773.60"
2018-02-09,44700,2363.77,100.8,2619.55,1085.67,489110000,3226.7,"467,773.60"
2018-02-12,45720,2385.38,100.8,2656,1082.6,352290000,3226.7,"467,773.60"
2018-02-13,47540,2395.19,100.8,2662.94,1085.05,423420000,3226.7,"467,773.60"
2018-02-14,49000,2421.83,100.8,2698.63,1070.91,305740000,3226.7,"467,773.60"
2018-02-19,48380,2442.82,100.8,2707.445,1067.41,322140000,3226.7,"467,773.60"
2018-02-20,47400,2415.12,100.8,2716.26,1074.91,421490000,3226.7,"467,773.60"
2018-02-21,47280,2429.65,100.8,2701.33,1076.02,432280000,3226.7,"467,773.60"
2018-02-22,46760,2414.28,100.8,2703.96,1080.72,349490000,3226.7,"467,773.60"
2018-02-23,47220,2451.52,100.8,2747.3,1077,300580000,3226.7,"467,773.60"
2018-02-26,47380,2457.65,100.8,2779.6,1070.67,321260000,3226.7,"467,773.60"
2018-02-27,47380,2456.14,100.8,2744.28,1081.45,271230000,3226.7,"467,773.60"
2018-02-28,47060,2427.36,100.8,2713.83,1085.21,367560000,3226.7,"467,773.60"
2018-03-02,46020,2402.16,100.8,2691.25,1079.69,320400000,5210.4,"467,773.60"
2018-03-05,45200,2375.06,100.8,2720.94,1077.67,312250000,5210.4,"467,773.60"
2018-03-06,47020,2411.41,100.8,2728.12,1063.96,400110000,5210.4,"467,773.60"
2018-03-07,48620,2401.82,100.8,2726.8,1067.43,412970000,5210.4,"467,773.60"
2018-03-08,49200,2433.08,100.8,2738.97,1074.11,394850000,5210.4,"467,773.60"
2018-03-09,49740,2459.45,100.8,2786.57,1065.38,437260000,5210.4,"467,773.60"
2018-03-12,49740,2484.12,100.8,2783.02,1065.02,391300000,5210.4,"467,773.60"
2018-03-13,51660,2494.49,100.8,2765.31,1066.88,350200000,5210.4,"467,773.60"
2018-03-14,51760,2486.08,100.8,2749.48,1064.55,360870000,5210.4,"467,773.60"
2018-03-15,51540,2492.38,100.8,2747.33,1069.78,344010000,5210.4,"467,773.60"
2018-03-16,51140,2493.97,100.8,2752.01,1070.53,377770000,5210.4,"467,773.60"
2018-03-19,50740,2475.03,100.8,2712.92,1073.49,477220000,5210.4,"467,773.60"
2018-03-20,51200,2485.52,100.8,2716.94,1071.91,291500000,5210.4,"467,773.60"
2018-03-21,51060,2484.97,100.8,2711.93,1064.76,399070000,5210.4,"467,773.60"
2018-03-22,51780,2496.02,100.8,2643.69,1081.21,482140000,5210.4,"467,773.60"
2018-03-23,49720,2416.76,100.8,2588.26,1083.87,457950000,5210.4,"467,773.60"
2018-03-26,50280,2437.08,100.8,2658.55,1075.69,306900000,5210.4,"467,773.60"
2018-03-27,49980,2452.06,100.8,2612.62,1075.13,332130000,5210.4,"467,773.60"
2018-03-28,48700,2419.29,100.8,2605,1064.56,501310000,5210.4,"467,773.60"
2018-03-29,49040,2436.37,100.8,2640.87,1063.08,333360000,5210.4,"467,773.60"
2018-03-30,49220,2445.85,100.8,2611.375,1061.26,395330000,5210.4,"467,773.60"
2018-04-02,48540,2444.16,100.4,2581.88,1057.16,390320000,1490.4,"473,023.20"
2018-04-03,48120,2442.43,100.4,2614.45,1054.94,497140000,1490.4,"473,023.20"
2018-04-04,46920,2408.06,100.4,2644.69,1058.28,551700000,1490.4,"473,023.20"
2018-04-05,48740,2437.52,100.4,2662.84,1062.63,591040000,1490.4,"473,023.20"
2018-04-06,48400,2429.58,100.4,2604.47,1070.76,454310000,1490.4,"473,023.20"
2018-04-09,49200,2444.08,100.4,2613.16,1069.71,334420000,1490.4,"473,023.20"
2018-04-10,48880,2450.74,100.4,2656.87,1064.82,356390000,1490.4,"473,023.20"
2018-04-11,48860,2444.22,100.4,2642.19,1066.82,355190000,1490.4,"473,023.20"
2018-04-12,49000,2442.71,100.4,2663.99,1071.04,441570000,1490.4,"473,023.20"
2018-04-13,49800,2455.07,100.4,2656.3,1071.68,395890000,1490.4,"473,023.20"
2018-04-16,50340,2457.49,100.4,2677.84,1070.68,347170000,1490.4,"473,023.20"
2018-04-17,49980,2453.77,100.4,2706.39,1067.12,394700000,1490.4,"473,023.20"
2018-04-18,51360,2479.98,100.4,2708.64,1065.12,647290000,1490.4,"473,023.20"
2018-04-19,52780,2486.1,100.4,2693.13,1067.21,727030000,1490.4,"473,023.20"
2018-04-20,51620,2476.33,100.4,2670.14,1071.1,531720000,1490.4,"473,023.20"
2018-04-23,51900,2474.11,100.4,2670.29,1081.2,701420000,1490.4,"473,023.20"
2018-04-24,50460,2464.14,100.4,2634.56,1077.28,524280000,1490.4,"473,023.20"
2018-04-25,50400,2448.81,100.4,2639.4,1082.21,466100000,1490.4,"473,023.20"
2018-04-26,52140,2475.64,100.4,2666.94,1077.69,520920000,1490.4,"473,023.20"
2018-04-27,53000,2492.4,100.4,2669.91,1067.86,464960000,1490.4,"473,023.20"
2018-04-30,53000,2515.38,100.4,2648.05,1070.45,746290000,1490.4,"473,023.20"
2018-05-02,53000,2505.61,100.4,2635.67,1079.85,807590000,8792.3,"473,023.20"
2018-05-03,53000,2487.25,100.4,2629.73,1075.56,614100000,8792.3,"473,023.20"
2018-05-04,51900,2461.38,100.4,2663.42,1074.11,612020000,8792.3,"473,023.20"
2018-05-08,52600,2449.81,100.4,2671.92,1078.56,714730000,8792.3,"473,023.20"
2018-05-09,50900,2443.98,100.4,2697.79,1079.38,593370000,8792.3,"473,023.20"
2018-05-10,51600,2464.16,100.4,2723.07,1065.8,490000000,8792.3,"473,023.20"
2018-05-11,51300,2477.71,100.4,2727.72,1067.98,599900000,8792.3,"473,023.20"
2018-05-14,50100,2476.11,100.4,2730.13,1070.94,650710000,8792.3,"473,023.20"
2018-05-15,49200,2458.54,100.4,2711.45,1080.82,712620000,8792.3,"473,023.20"
2018-05-16,49850,2459.82,100.4,2722.46,1077.74,691810000,8792.3,"473,023.20"
2018-05-17,49400,2448.45,100.4,2720.13,1082.59,596770000,8792.3,"473,023.20"
2018-05-18,49500,2460.65,100.4,2712.97,1081.37,431380000,8792.3,"473,023.20"
2018-05-21,50000,2465.57,100.4,2733.01,1077.69,588090000,8792.3,"473,023.20"
2018-05-23,51800,2471.91,100.4,2733.29,1077.25,752680000,8792.3,"473,023.20"
2018-05-24,51400,2466.01,100.4,2727.76,1081.69,638120000,8792.3,"473,023.20"
2018-05-25,52700,2460.8,100.4,2721.33,1078.38,653590000,8792.3,"473,023.20"
2018-05-28,52300,2478.96,100.4,2705.595,1075.24,708360000,8792.3,"473,023.20"
2018-05-29,51300,2457.25,100.4,2689.86,1084.37,571840000,8792.3,"473,023.20"
2018-05-30,49500,2409.03,100.4,2724.01,1077.1,575920000,8792.3,"473,023.20"
2018-05-31,50700,2423.01,100.4,2705.27,1080.59,816930000,8792.3,"473,023.20"
2018-06-01,51300,2438.96,100.3,2734.62,1071.88,603020000,7980.1,"473,023.20"
2018-06-04,51100,2447.76,100.3,2746.87,1070.48,438930000,7980.1,"473,023.20"
2018-06-05,51300,2453.76,100.3,2748.8,1071.95,501360000,7980.1,"473,023.20"
2018-06-07,50600,2470.58,100.3,2770.37,1072.19,474150000,7980.1,"473,023.20"
2018-06-08,49650,2451.58,100.3,2779.03,1074.93,530160000,7980.1,"473,023.20"
2018-06-11,49900,2470.15,100.3,2782,1076.88,427950000,7980.1,"473,023.20"
2018-06-12,49400,2468.83,100.3,2786.85,1081.84,613170000,7980.1,"473,023.20"
2018-06-14,48200,2423.48,100.3,2782.49,1089.15,533450000,7980.1,"473,023.20"
2018-06-15,47650,2404.04,100.3,2779.66,1103.42,502360000,7980.1,"473,023.20"
2018-06-18,46600,2376.24,100.3,2773.75,1103.51,564820000,7980.1,"473,023.20"
2018-06-19,47000,2340.11,100.3,2762.59,1111.89,606300000,7980.1,"473,023.20"
2018-06-20,47000,2363.91,100.3,2767.32,1109.98,456000000,7980.1,"473,023.20"
2018-06-21,47050,2337.83,100.3,2749.76,1110.55,438260000,7980.1,"473,023.20"
2018-06-22,47250,2357.22,100.3,2754.88,1112,537260000,7980.1,"473,023.20"
2018-06-25,46650,2357.88,100.3,2717.07,1115.47,415080000,7980.1,"473,023.20"
2018-06-26,47000,2350.92,100.3,2723.06,1118.52,470910000,7980.1,"473,023.20"
2018-06-27,47950,2342.03,100.3,2699.63,1123.57,526620000,7980.1,"473,023.20"
2018-06-28,46800,2314.24,100.3,2716.31,1121.35,414370000,7980.1,"473,023.20"
2018-06-29,46650,2326.13,100.3,2718.37,1115.04,396660000,7980.1,"473,023.20"
2018-07-02,45550,2271.54,100.2,2726.71,1118.88,393260000,8874.4,"479,393.50"
2018-07-03,46150,2272.76,100.2,2713.22,1114.99,366030000,8874.4,"479,393.50"
2018-07-04,46250,2265.46,100.2,2724.915,1116.4,315100000,8874.4,"479,393.50"
2018-07-05,45950,2257.55,100.2,2736.61,1119.33,346880000,8874.4,"479,393.50"
2018-07-06,44900,2272.87,100.2,2759.82,1115.52,344430000,8874.4,"479,393.50"
2018-07-09,45600,2285.8,100.2,2784.17,1113.32,352640000,8874.4,"479,393.50"
2018-07-10,46300,2294.16,100.2,2793.84,1114.22,339920000,8874.4,"479,393.50"
2018-07-11,46000,2280.62,100.2,2774.02,1128.23,422990000,8874.4,"479,393.50"
2018-07-12,45500,2285.06,100.2,2798.29,1124.58,364410000,8874.4,"479,393.50"
2018-07-13,46500,2310.9,100.2,2801.31,1130.14,291560000,8874.4,"479,393.50"
2018-07-16,46050,2301.99,100.2,2798.43,1128.46,297120000,8874.4,"479,393.50"
2018-07-17,45850,2297.92,100.2,2809.55,1127,379030000,8874.4,"479,393.50"
2018-07-18,46550,2290.11,100.2,2815.62,1131.16,402770000,8874.4,"479,393.50"
2018-07-19,46900,2282.29,100.2,2804.49,1135.55,464520000,8874.4,"479,393.50"
2018-07-20,47450,2289.19,100.2,2801.83,1127.9,353240000,8874.4,"479,393.50"
2018-07-23,46500,2269.31,100.2,2806.98,1134.19,334290000,8874.4,"479,393.50"
2018-07-24,46150,2280.2,100.2,2820.4,1127.41,436130000,8874.4,"479,393.50"
2018-07-25,46150,2273.03,100.2,2846.07,1117.79,309320000,8874.4,"479,393.50"
2018-07-26,46900,2289.06,100.2,2837.44,1124.38,303330000,8874.4,"479,393.50"
2018-07-27,46900,2294.99,100.2,2818.82,1115.89,262140000,8874.4,"479,393.50"
2018-07-30,46500,2293.51,100.2,2802.6,1117.81,206500000,8874.4,"479,393.50"
2018-07-31,46250,2295.26,100.2,2816.29,1113.25,223930000,8874.4,"479,393.50"
2018-08-01,46550,2307.07,99.9,2813.36,1119.49,219030000,8581.2,"479,393.50"
2018-08-02,45550,2270.2,99.9,2827.22,1128.21,352060000,8581.2,"479,393.50"
2018-08-03,45750,2287.68,99.9,2840.35,1123.34,270490000,8581.2,"479,393.50"
2018-08-06,45800,2286.5,99.9,2850.4,1126.7,244550000,8581.2,"479,393.50"
2018-08-07,46700,2300.16,99.9,2858.45,1117.94,230340000,8581.2,"479,393.50"
2018-08-08,46800,2301.45,99.9,2857.7,1117.26,299690000,8581.2,"479,393.50"
2018-08-09,46900,2303.71,99.9,2853.58,1123.7,244880000,8581.2,"479,393.50"
2018-08-10,45400,2282.79,99.9,2833.28,1130.17,286160000,8581.2,"479,393.50"
2018-08-13,45050,2248.45,99.9,2821.93,1137,335380000,8581.2,"479,393.50"
2018-08-14,45150,2258.91,99.9,2839.96,1128.21,255220000,8581.2,"479,393.50"
2018-08-16,44250,2240.8,99.9,2840.69,1127.25,312520000,8581.2,"479,393.50"
2018-08-17,44100,2247.05,99.9,2850.13,1119.69,238380000,8581.2,"479,393.50"
2018-08-20,43850,2247.88,99.9,2857.05,1118.17,271600000,8581.2,"479,393.50"
2018-08-21,44800,2270.06,99.9,2862.96,1116.61,294340000,8581.2,"479,393.50"
2018-08-22,46100,2273.33,99.9,2861.82,1117.76,269270000,8581.2,"479,393.50"
2018-08-23,46200,2282.6,99.9,2856.98,1124.62,338390000,8581.2,"479,393.50"
2018-08-24,46150,2293.21,99.9,2874.69,1114.51,347290000,8581.2,"479,393.50"
2018-08-27,46300,2299.3,99.9,2896.74,1109.05,307040000,8581.2,"479,393.50"
2018-08-28,46550,2303.12,99.9,2897.52,1108.3,276890000,8581.2,"479,393.50"
2018-08-29,46800,2309.03,99.9,2914.04,1110.64,268210000,8581.2,"479,393.50"
2018-08-30,47650,2307.35,99.9,2901.13,1114.79,286930000,8581.2,"479,393.50"
2018-08-31,48450,2322.88,99.9,2901.52,1115.63,255910000,8581.2,"479,393.50"
2018-09-03,47450,2307.03,99.7,2899.12,1112.1,230510000,11235.5,"479,393.50"
2018-09-04,47650,2315.72,99.7,2896.72,1118.36,277010000,11235.5,"479,393.50"
2018-09-05,46600,2291.77,99.7,2888.6,1119.84,358190000,11235.5,"479,393.50"
2018-09-06,46100,2287.61,99.7,2878.05,1122.06,387510000,11235.5,"479,393.50"
2018-09-07,44900,2281.58,99.7,2871.68,1128.57,357560000,11235.5,"479,393.50"
2018-09-10,45500,2288.66,99.7,2877.13,1129.9,312610000,11235.5,"479,393.50"
2018-09-11,45050,2283.2,99.7,2887.89,1123.99,368210000,11235.5,"479,393.50"
2018-09-12,44550,2282.92,99.7,2888.92,1120.25,336830000,11235.5,"479,393.50"
2018-09-13,44050,2286.23,99.7,2904.18,1120.01,301310000,11235.5,"479,393.50"
2018-09-14,45850,2318.25,99.7,2904.98,1121.66,292240000,11235.5,"479,393.50"
2018-09-17,45150,2303.01,99.7,2888.8,1126.33,343170000,11235.5,"479,393.50"
2018-09-18,45500,2308.98,99.7,2904.31,1122.82,309240000,11235.5,"479,393.50"
2018-09-19,46150,2308.46,99.7,2907.95,1118.95,350950000,11235.5,"479,393.50"
2018-09-20,47250,2323.45,99.7,2930.75,1117.13,289080000,11235.5,"479,393.50"
2018-09-21,47400,2339.17,99.7,2929.67,1114.95,321700000,11235.5,"479,393.50"
2018-09-27,47500,2355.43,99.7,2914,1114.15,279230000,11235.5,"479,393.50"
2018-09-28,46450,2343.07,99.7,2913.98,1110.15,317870000,11235.5,"479,393.50"
2018-10-01,46350,2338.88,99.4,2924.59,1113.76,278310000,9473.6,"478,002.40"
2018-10-02,45700,2309.57,99.4,2923.43,1118.51,287870000,9473.6,"478,002.40"
2018-10-04,44700,2274.49,99.4,2901.61,1133.53,309500000,9473.6,"478,002.40"
2018-10-05,44700,2267.52,99.4,2885.57,1132.13,282140000,9473.6,"478,002.40"
2018-10-08,44950,2253.83,99.4,2884.43,1134.63,214640000,9473.6,"478,002.40"
2018-10-10,45300,2228.61,99.4,2785.68,1143.3,365680000,9473.6,"478,002.40"
2018-10-11,43100,2129.67,99.4,2728.37,1135.55,411920000,9473.6,"478,002.40"
2018-10-12,44000,2161.85,99.4,2767.13,1131.3,292570000,9473.6,"478,002.40"
2018-10-15,43800,2145.12,99.4,2750.79,1131.87,259180000,9473.6,"478,002.40"
2018-10-16,43600,2145.12,99.4,2809.92,1123.24,222510000,9473.6,"478,002.40"
2018-10-17,44150,2167.51,99.4,2809.21,1128.53,275160000,9473.6,"478,002.40"
2018-10-18,44050,2148.31,99.4,2768.78,1138.6,321760000,9473.6,"478,002.40"
2018-10-19,43900,2156.26,99.4,2767.78,1132.15,351770000,9473.6,"478,002.40"
2018-10-22,43550,2161.71,99.4,2755.88,1133.25,308740000,9473.6,"478,002.40"
2018-10-23,43050,2106.1,99.4,2740.69,1135.78,373470000,9473.6,"478,002.40"
2018-10-24,42550,2097.58,99.4,2656.1,1139.86,399730000,9473.6,"478,002.40"
2018-10-25,41000,2063.3,99.4,2705.57,1137.38,376010000,9473.6,"478,002.40"
2018-10-26,41000,2027.15,99.4,2658.69,1140.28,449200000,9473.6,"478,002.40"
2018-10-29,41400,1996.05,99.4,2641.25,1143.74,427300000,9473.6,"478,002.40"
2018-10-30,42350,2014.69,99.4,2682.63,1139.69,441580000,9473.6,"478,002.40"
2018-10-31,42400,2029.69,99.4,2711.74,1142.02,373030000,9473.6,"478,002.40"
2018-11-01,42150,2024.46,99.2,2740.37,1124.31,343810000,5130.6,"478,002.40"
2018-11-02,44150,2096,99.2,2723.06,1118.1,371980000,5130.6,"478,002.40"
2018-11-05,43800,2076.92,99.2,2738.31,1120.56,361300000,5130.6,"478,002.40"
2018-11-06,43750,2089.62,99.2,2755.45,1121.93,315820000,5130.6,"478,002.40"
2018-11-07,44000,2078.69,99.2,2813.89,1116.43,485220000,5130.6,"478,002.40"
2018-11-08,44050,2092.63,99.2,2806.83,1121.68,328030000,5130.6,"478,002.40"
2018-11-09,44300,2086.09,99.2,2781.01,1130.69,298070000,5130.6,"478,002.40"
2018-11-12,45200,2080.44,99.2,2726.22,1139.35,295530000,5130.6,"478,002.40"
2018-11-13,44500,2071.23,99.2,2722.18,1131.49,383420000,5130.6,"478,002.40"
2018-11-14,44100,2068.05,99.2,2701.58,1132.7,339050000,5130.6,"478,002.40"
2018-11-15,44250,2088.06,99.2,2730.2,1127.93,351040000,5130.6,"478,002.40"
2018-11-16,44000,2092.4,99.2,2736.27,1121.4,301600000,5130.6,"478,002.40"
2018-11-19,43650,2100.56,99.2,2690.73,1125.68,273200000,5130.6,"478,002.40"
2018-11-20,42800,2082.58,99.2,2641.89,1130.25,281680000,5130.6,"478,002.40"
2018-11-21,42100,2076.55,99.2,2649.93,1128.12,267900000,5130.6,"478,002.40"
2018-11-22,42450,2069.95,99.2,2641.245,1132.1,242500000,5130.6,"478,002.40"
2018-11-23,42400,2057.48,99.2,2632.56,1133.5,227200000,5130.6,"478,002.40"
2018-11-26,42600,2083.02,99.2,2673.45,1129.79,237710000,5130.6,"478,002.40"
2018-11-27,43050,2099.42,99.2,2682.17,1130.51,239210000,5130.6,"478,002.40"
2018-11-28,43150,2108.22,99.2,2743.79,1123.48,300080000,5130.6,"478,002.40"
2018-11-29,43150,2114.1,99.2,2737.76,1117.55,307230000,5130.6,"478,002.40"
2018-11-30,41850,2096.86,99.2,2760.17,1120.44,427350000,5130.6,"478,002.40"
2018-12-03,43250,2131.93,98.9,2790.37,1109.54,436590000,4914.4,"478,002.40"
2018-12-04,42150,2114.35,98.9,2700.06,1111.51,507520000,4914.4,"478,002.40"
2018-12-05,41450,2101.31,98.9,2698.005,1114.16,492720000,4914.4,"478,002.40"
2018-12-06,40500,2068.69,98.9,2695.95,1118.7,537410000,4914.4,"478,002.40"
2018-12-07,40950,2075.76,98.9,2633.08,1124.85,371590000,4914.4,"478,002.40"
2018-12-10,40200,2053.79,98.9,2637.72,1128.37,344160000,4914.4,"478,002.40"
2018-12-11,40250,2052.97,98.9,2636.78,1129.53,273930000,4914.4,"478,002.40"
2018-12-12,40450,2082.57,98.9,2651.07,1124.82,457130000,4914.4,"478,002.40"
2018-12-13,40000,2095.55,98.9,2650.54,1125.55,379820000,4914.4,"478,002.40"
2018-12-14,38950,2069.38,98.9,2599.95,1132.7,448240000,4914.4,"478,002.40"
2018-12-17,39150,2071.09,98.9,2545.94,1129.55,444520000,4914.4,"478,002.40"
2018-12-18,38900,2062.11,98.9,2546.16,1127.53,429530000,4914.4,"478,002.40"
2018-12-19,39100,2078.84,98.9,2506.96,1129.71,418800000,4914.4,"478,002.40"
2018-12-20,38650,2060.12,98.9,2467.42,1122.78,421060000,4914.4,"478,002.40"
2018-12-21,38650,2061.49,98.9,2416.62,1129.04,311390000,4914.4,"478,002.40"
2018-12-24,38800,2055.01,98.9,2351.1,1124.87,285280000,4914.4,"478,002.40"
2018-12-26,38350,2028.01,98.9,2467.7,1123.66,321500000,4914.4,"478,002.40"
2018-12-27,38250,2028.44,98.9,2488.83,1120.08,398020000,4914.4,"478,002.40"
2018-12-28,38700,2041.04,98.9,2485.74,1117.05,352680000,4914.4,"478,002.40"
2019-01-02,38750,2010,98.8,2510.03,1120.12,326370000,2894.7,"474,867.20"
2019-01-03,37600,1993.7,98.8,2447.89,1125.89,427980000,2894.7,"474,867.20"
2019-01-04,37450,2010.25,98.8,2531.94,1116.85,408990000,2894.7,"474,867.20"
2019-01-07,38750,2037.1,98.8,2549.69,1117.66,440190000,2894.7,"474,867.20"
2019-01-08,38100,2025.27,98.8,2574.41,1122.83,397830000,2894.7,"474,867.20"
2019-01-09,39600,2064.71,98.8,2584.96,1118.18,386250000,2894.7,"474,867.20"
2019-01-10,39800,2063.28,98.8,2596.64,1117.79,382880000,2894.7,"474,867.20"
2019-01-11,40500,2075.57,98.8,2596.26,1118.23,380060000,2894.7,"474,867.20"
2019-01-14,40050,2064.52,98.8,2582.61,1121.8,432890000,2894.7,"474,867.20"
2019-01-15,41100,2097.18,98.8,2610.3,1122.85,439490000,2894.7,"474,867.20"
2019-01-16,41450,2106.1,98.8,2616.1,1120.78,500080000,2894.7,"474,867.20"
2019-01-17,41950,2107.06,98.8,2635.96,1122.7,475880000,2894.7,"474,867.20"
2019-01-18,42300,2124.28,98.8,2670.71,1126.08,456740000,2894.7,"474,867.20"
2019-01-21,42750,2124.61,98.8,2651.805,1134.4,398030000,2894.7,"474,867.20"
2019-01-22,42150,2117.77,98.8,2632.9,1131.77,419440000,2894.7,"474,867.20"
2019-01-23,42000,2127.78,98.8,2638.7,1126.46,408600000,2894.7,"474,867.20"
2019-01-24,43050,2145.03,98.8,2642.33,1128.75,413650000,2894.7,"474,867.20"
2019-01-25,44750,2177.73,98.8,2664.76,1118.78,410000000,2894.7,"474,867.20"
2019-01-28,45050,2177.3,98.8,2643.85,1118.87,371620000,2894.7,"474,867.20"
2019-01-29,45500,2183.36,98.8,2640,1118.01,552590000,2894.7,"474,867.20"
2019-01-30,46400,2206.2,98.8,2681.05,1111.04,480390000,2894.7,"474,867.20"
2019-01-31,46150,2204.85,98.8,2704.1,1112.4,545250000,2894.7,"474,867.20"
2019-02-01,46350,2203.46,98.7,2706.53,1119.4,479380000,3308.2,"474,867.20"
2019-02-07,46200,2203.42,98.7,2706.05,1124.81,427840000,3308.2,"474,867.20"
2019-02-08,44800,2177.05,98.7,2707.88,1124.5,391030000,3308.2,"474,867.20"
2019-02-11,45000,2180.73,98.7,2709.8,1125.99,406060000,3308.2,"474,867.20"
2019-02-12,46050,2190.47,98.7,2744.73,1121.29,429940000,3308.2,"474,867.20"
2019-02-13,46200,2201.48,98.7,2753.03,1125.59,421990000,3308.2,"474,867.20"
2019-02-14,47500,2225.85,98.7,2745.73,1126.4,573360000,3308.2,"474,867.20"
2019-02-15,46050,2196.09,98.7,2775.6,1126.44,400590000,3308.2,"474,867.20"
2019-02-18,46200,2210.89,98.7,2777.68,1126.4,314370000,3308.2,"474,867.20"
2019-02-19,45950,2205.63,98.7,2779.76,1122.92,389090000,3308.2,"474,867.20"
2019-02-20,46900,2229.76,98.7,2784.7,1123.22,374340000,3308.2,"474,867.20"
2019-02-21,46950,2228.66,98.7,2774.88,1125.63,382510000,3308.2,"474,867.20"
2019-02-22,47150,2230.5,98.7,2792.67,1122.99,409310000,3308.2,"474,867.20"
2019-02-25,47350,2232.56,98.7,2796.11,1116.06,339230000,3308.2,"474,867.20"
2019-02-26,46750,2226.6,98.7,2793.9,1115.61,331960000,3308.2,"474,867.20"
2019-02-27,46750,2234.79,98.7,2792.38,1118.22,301510000,3308.2,"474,867.20"
2019-02-28,45100,2195.44,98.7,2784.49,1125.9,510020000,3308.2,"474,867.20"
2019-03-04,44850,2190.66,98.8,2792.81,1126.46,373170000,4347,"474,867.20"
2019-03-05,44250,2179.23,98.8,2789.65,1125.81,313140000,4347,"474,867.20"
2019-03-06,44000,2175.6,98.8,2771.45,1128.38,328940000,4347,"474,867.20"
2019-03-07,44450,2165.79,98.8,2748.93,1134.87,292580000,4347,"474,867.20"
2019-03-08,43800,2137.44,98.8,2743.07,1133.9,313310000,4347,"474,867.20"
2019-03-11,43650,2138.1,98.8,2783.3,1131.77,272100000,4347,"474,867.20"
2019-03-12,44650,2157.18,98.8,2791.52,1128.44,355280000,4347,"474,867.20"
2019-03-13,43850,2148.41,98.8,2810.92,1130.5,285600000,4347,"474,867.20"
2019-03-14,43850,2155.68,98.8,2808.48,1136.42,341010000,4347,"474,867.20"
2019-03-15,44200,2176.11,98.8,2822.48,1135.7,387140000,4347,"474,867.20"
2019-03-18,43700,2179.49,98.8,2832.94,1132.52,257950000,4347,"474,867.20"
2019-03-19,43900,2177.62,98.8,2832.57,1130.96,319700000,4347,"474,867.20"
2019-03-20,44050,2177.1,98.8,2824.23,1126.05,317610000,4347,"474,867.20"
2019-03-21,45850,2184.88,98.8,2854.88,1128.41,342750000,4347,"474,867.20"
2019-03-22,46550,2186.95,98.8,2800.71,1136.11,333620000,4347,"474,867.20"
2019-03-25,45500,2144.86,98.8,2798.36,1132.86,307070000,4347,"474,867.20"
2019-03-26,45250,2148.8,98.8,2818.46,1135.87,301250000,4347,"474,867.20"
2019-03-27,45350,2145.62,98.8,2805.37,1139.24,363170000,4347,"474,867.20"
2019-03-28,44850,2128.1,98.8,2815.44,1135.95,288040000,4347,"474,867.20"
2019-03-29,44650,2140.67,98.8,2834.4,1137.4,364620000,4347,"474,867.20"
2019-04-01,45050,2168.28,98.8,2867.19,1133.72,263310000,-527.4,"481,524.10"
2019-04-02,45750,2177.18,98.8,2867.24,1136.92,257450000,-527.4,"481,524.10"
2019-04-03,46600,2203.27,98.8,2873.4,1133.67,358640000,-527.4,"481,524.10"
2019-04-04,46950,2206.53,98.8,2879.39,1135.83,431010000,-527.4,"481,524.10"
2019-04-05,46850,2209.61,98.8,2892.74,1136.69,517150000,-527.4,"481,524.10"
2019-04-08,46650,2210.6,98.8,2895.77,1141.98,347910000,-527.4,"481,524.10"
2019-04-09,46650,2213.56,98.8,2878.2,1140.08,414810000,-527.4,"481,524.10"
2019-04-10,46700,2224.39,98.8,2888.21,1136.97,399690000,-527.4,"481,524.10"
2019-04-11,46250,2224.44,98.8,2888.32,1140.96,402020000,-527.4,"481,524.10"
2019-04-12,46850,2233.45,98.8,2907.41,1133.72,449630000,-527.4,"481,524.10"
2019-04-15,47050,2242.88,98.8,2905.58,1134.1,404160000,-527.4,"481,524.10"
2019-04-16,47250,2248.63,98.8,2907.06,1136.69,569060000,-527.4,"481,524.10"
2019-04-17,47050,2245.89,98.8,2900.45,1131.28,452470000,-527.4,"481,524.10"
2019-04-18,45600,2213.77,98.8,2905.03,1136.61,573340000,-527.4,"481,524.10"
2019-04-19,45300,2216.15,98.8,2906.5,1135.58,525260000,-527.4,"481,524.10"
2019-04-22,45350,2216.65,98.8,2907.97,1139.99,493980000,-527.4,"481,524.10"
2019-04-23,45200,2220.51,98.8,2933.68,1142.11,481180000,-527.4,"481,524.10"
2019-04-24,44750,2201.03,98.8,2927.25,1155.05,575100000,-527.4,"481,524.10"
2019-04-25,44650,2190.5,98.8,2926.17,1159.01,441140000,-527.4,"481,524.10"
2019-04-26,44850,2179.31,98.8,2939.88,1157.9,570170000,-527.4,"481,524.10"
2019-04-29,46150,2216.43,98.8,2943.03,1158.88,380820000,-527.4,"481,524.10"
2019-04-30,45850,2203.59,98.8,2945.83,1163.25,381410000,-527.4,"481,524.10"
2019-05-02,45900,2212.75,98.6,2917.52,1166.16,369060000,4983.2,"481,524.10"
2019-05-03,45300,2196.32,98.6,2945.64,1163.68,617880000,4983.2,"481,524.10"
2019-05-07,44850,2176.99,98.6,2884.05,1172.22,484100000,4983.2,"481,524.10"
2019-05-08,44250,2168.01,98.6,2879.42,1172.1,456330000,4983.2,"481,524.10"
2019-05-09,42450,2102.01,98.6,2870.72,1179.09,743510000,4983.2,"481,524.10"
2019-05-10,42900,2108.04,98.6,2881.4,1174.2,714770000,4983.2,"481,524.10"
2019-05-13,42650,2079.01,98.6,2811.87,1187.78,505750000,4983.2,"481,524.10"
2019-05-14,42650,2081.84,98.6,2834.41,1186.82,696200000,4983.2,"481,524.10"
2019-05-15,42550,2092.78,98.6,2850.96,1185.79,577790000,4983.2,"481,524.10"
2019-05-16,41550,2067.69,98.6,2876.32,1191.33,745160000,4983.2,"481,524.10"
2019-05-17,41200,2055.8,98.6,2859.53,1193.73,537380000,4983.2,"481,524.10"
2019-05-20,42000,2055.71,98.6,2840.23,1194.23,640200000,4983.2,"481,524.10"
2019-05-21,43150,2061.25,98.6,2864.36,1191.78,526860000,4983.2,"481,524.10"
2019-05-22,43500,2064.86,98.6,2856.27,1190.37,509970000,4983.2,"481,524.10"
2019-05-23,43850,2059.59,98.6,2822.24,1188.8,509270000,4983.2,"481,524.10"
2019-05-24,42700,2045.31,98.6,2826.06,1184.77,480650000,4983.2,"481,524.10"
2019-05-27,42650,2044.21,98.6,2814.225,1183.55,351620000,4983.2,"481,524.10"
2019-05-28,42550,2048.83,98.6,2802.39,1187.94,494480000,4983.2,"481,524.10"
2019-05-29,41800,2023.32,98.6,2783.02,1193.03,380890000,4983.2,"481,524.10"
2019-05-30,42550,2038.8,98.6,2788.86,1188.73,461850000,4983.2,"481,524.10"
2019-05-31,42500,2041.74,98.6,2752.06,1187.8,439180000,4983.2,"481,524.10"
2019-06-03,43800,2067.85,98.3,2744.45,1178.92,387140000,6166.1,"481,524.10"
2019-06-04,43450,2066.97,98.3,2803.27,1177.56,435990000,6166.1,"481,524.10"
2019-06-05,43900,2069.11,98.3,2826.15,1179.84,380160000,6166.1,"481,524.10"
2019-06-07,44200,2072.33,98.3,2873.34,1181.07,368390000,6166.1,"481,524.10"
2019-06-10,44800,2099.49,98.3,2886.73,1183.02,457640000,6166.1,"481,524.10"
2019-06-11,44850,2111.81,98.3,2885.72,1178.21,550740000,6166.1,"481,524.10"
2019-06-12,44600,2108.75,98.3,2879.84,1183.35,693510000,6166.1,"481,524.10"
2019-06-13,43750,2103.15,98.3,2891.64,1182.32,553390000,6166.1,"481,524.10"
2019-06-14,44000,2095.41,98.3,2886.98,1186.78,473370000,6166.1,"481,524.10"
2019-06-17,43900,2090.73,98.3,2889.67,1185.55,561550000,6166.1,"481,524.10"
2019-06-18,44350,2098.71,98.3,2917.75,1173.87,600960000,6166.1,"481,524.10"
2019-06-19,45350,2124.78,98.3,2926.46,1171.48,862980000,6166.1,"481,524.10"
2019-06-20,45500,2131.29,98.3,2954.18,1158.52,1010000000,6166.1,"481,524.10"
2019-06-21,45700,2125.62,98.3,2950.46,1158.2,692030000,6166.1,"481,524.10"
2019-06-24,45500,2126.33,98.3,2945.35,1153.67,669640000,6166.1,"481,524.10"
2019-06-25,45600,2121.64,98.3,2917.38,1155.17,643000000,6166.1,"481,524.10"
2019-06-26,45700,2121.85,98.3,2913.78,1153.67,736850000,6166.1,"481,524.10"
2019-06-27,46500,2134.32,98.3,2924.92,1157,644900000,6166.1,"481,524.10"
2019-06-28,47000,2130.62,98.3,2941.76,1155.38,537270000,6166.1,"481,524.10"
2019-07-01,46600,2129.74,98.1,2964.33,1160.77,412290000,6957.2,"482,285.70"
2019-07-02,46250,2122.02,98.1,2973.01,1166.47,460830000,6957.2,"482,285.70"
2019-07-03,45400,2096.02,98.1,2995.82,1169.72,522710000,6957.2,"482,285.70"
2019-07-04,46000,2108.73,98.1,2993.115,1167.34,446930000,6957.2,"482,285.70"
2019-07-05,45650,2110.59,98.1,2990.41,1174.59,459390000,6957.2,"482,285.70"
2019-07-08,44400,2064.17,98.1,2975.95,1179.94,515950000,6957.2,"482,285.70"
2019-07-09,45100,2052.03,98.1,2979.63,1182.22,440120000,6957.2,"482,285.70"
2019-07-10,45550,2058.78,98.1,2993.07,1175.57,355680000,6957.2,"482,285.70"
2019-07-11,46200,2080.58,98.1,2999.91,1174.16,376680000,6957.2,"482,285.70"
2019-07-12,46300,2086.66,98.1,3013.77,1176.32,403940000,6957.2,"482,285.70"
2019-07-15,46450,2082.48,98.1,3014.3,1179.41,463520000,6957.2,"482,285.70"
2019-07-16,46850,2091.87,98.1,3004.04,1179.21,682800000,6957.2,"482,285.70"
2019-07-17,46050,2072.92,98.1,2984.42,1179.62,761630000,6957.2,"482,285.70"
2019-07-18,46100,2066.55,98.1,2995.11,1171.78,446640000,6957.2,"482,285.70"
2019-07-19,46800,2094.36,98.1,2976.61,1175.11,394900000,6957.2,"482,285.70"
2019-07-22,47200,2093.34,98.1,2985.03,1175.87,332630000,6957.2,"482,285.70"
2019-07-23,47300,2101.45,98.1,3005.47,1178.89,648120000,6957.2,"482,285.70"
2019-07-24,46400,2082.3,98.1,3019.56,1177.41,851390000,6957.2,"482,285.70"
2019-07-25,47200,2074.48,98.1,3003.67,1183.16,598630000,6957.2,"482,285.70"
2019-07-26,47150,2066.26,98.1,3025.86,1183.24,589070000,6957.2,"482,285.70"
2019-07-29,46100,2029.48,98.1,3020.97,1182.71,608670000,6957.2,"482,285.70"
2019-07-30,46550,2038.68,98.1,3013.18,1181.14,547030000,6957.2,"482,285.70"
2019-07-31,45350,2024.55,98.1,2980.38,1187.32,589390000,6957.2,"482,285.70"
2019-08-01,45200,2017.34,98,2953.56,1195.38,461740000,4983.5,"482,285.70"
2019-08-02,44950,1998.13,98,2932.05,1204.51,438540000,4983.5,"482,285.70"
2019-08-05,43950,1946.98,98,2844.74,1217.33,639600000,4983.5,"482,285.70"
2019-08-06,43500,1917.5,98,2881.77,1212.43,739590000,4983.5,"482,285.70"
2019-08-07,43200,1909.71,98,2883.98,1212.87,760780000,4983.5,"482,285.70"
2019-08-08,42650,1920.61,98,2938.09,1207.08,777160000,4983.5,"482,285.70"
2019-08-09,43150,1937.75,98,2918.65,1213.45,654340000,4983.5,"482,285.70"
2019-08-12,43700,1942.29,98,2883.75,1218.14,427140000,4983.5,"482,285.70"
2019-08-13,43000,1925.83,98,2926.32,1205.64,660040000,4983.5,"482,285.70"
2019-08-14,43700,1938.37,98,2840.6,1215.86,699590000,4983.5,"482,285.70"
2019-08-16,43900,1927.17,98,2888.68,1207.47,421680000,4983.5,"482,285.70"
2019-08-19,43600,1939.9,98,2923.65,1211.62,481020000,4983.5,"482,285.70"
2019-08-20,44450,1960.25,98,2900.51,1205.4,463600000,4983.5,"482,285.70"
2019-08-21,44500,1964.65,98,2924.43,1201.44,391570000,4983.5,"482,285.70"
2019-08-22,44050,1951.01,98,2922.95,1209.42,435560000,4983.5,"482,285.70"
2019-08-23,43950,1948.3,98,2847.11,1212.66,381090000,4983.5,"482,285.70"
2019-08-26,43600,1916.31,98,2878.38,1211.74,324850000,4983.5,"482,285.70"
2019-08-27,44050,1924.6,98,2869.16,1211.74,427040000,4983.5,"482,285.70"
2019-08-28,44150,1941.09,98,2887.94,1212.29,284340000,4983.5,"482,285.70"
2019-08-29,43400,1933.41,98,2924.58,1208.12,285100000,4983.5,"482,285.70"
2019-08-30,44000,1967.79,98,2926.46,1209.5,317730000,4983.5,"482,285.70"
2019-09-02,43800,1969.19,98.1,2916.365,1213.61,262150000,8014.3,"482,285.70"
2019-09-03,43250,1965.69,98.1,2906.27,1210.54,342080000,8014.3,"482,285.70"
2019-09-04,44100,1988.53,98.1,2937.78,1203.63,348720000,8014.3,"482,285.70"
2019-09-05,45700,2004.75,98.1,2976,1197.52,488070000,8014.3,"482,285.70"
2019-09-06,46300,2009.13,98.1,2978.71,1191.77,384440000,8014.3,"482,285.70"
2019-09-09,46900,2019.55,98.1,2978.43,1191.93,511820000,8014.3,"482,285.70"
2019-09-10,47000,2032.08,98.1,2979.39,1191.35,504390000,8014.3,"482,285.70"
2019-09-11,47150,2049.2,98.1,3000.93,1189.68,429080000,8014.3,"482,285.70"
2019-09-16,47100,2062.22,98.1,2997.96,1184.02,493520000,8014.3,"482,285.70"
2019-09-17,46900,2062.33,98.1,3005.7,1186.62,508000000,8014.3,"482,285.70"
2019-09-18,47700,2070.73,98.1,3006.73,1190.73,613150000,8014.3,"482,285.70"
2019-09-19,49150,2080.35,98.1,3006.79,1194.35,493040000,8014.3,"482,285.70"
2019-09-20,49200,2091.52,98.1,2992.07,1193.13,589920000,8014.3,"482,285.70"
2019-09-23,49300,2091.7,98.1,2991.78,1194.04,420950000,8014.3,"482,285.70"
2019-09-24,49500,2101.04,98.1,2966.6,1194.53,535770000,8014.3,"482,285.70"
2019-09-25,48900,2073.39,98.1,2984.87,1198.82,651550000,8014.3,"482,285.70"
2019-09-26,49200,2074.52,98.1,2977.62,1199.46,430580000,8014.3,"482,285.70"
2019-09-27,48400,2049.93,98.1,2961.79,1201.99,285940000,8014.3,"482,285.70"
2019-09-30,49050,2063.05,98.1,2976.74,1198.09,327620000,8014.3,"482,285.70"
2019-10-01,48850,2072.42,98.4,2940.25,1202.37,389340000,8035.8,"485,821.00"
2019-10-02,47600,2031.91,98.4,2887.61,1204.37,414460000,8035.8,"485,821.00"
2019-10-04,48000,2020.69,98.4,2952.01,1191.25,402940000,8035.8,"485,821.00"
2019-10-07,47750,2021.73,98.4,2938.79,1196.33,322180000,8035.8,"485,821.00"
2019-10-08,48900,2046.25,98.4,2893.06,1199.02,437520000,8035.8,"485,821.00"
2019-10-10,48550,2028.15,98.4,2938.13,1189.46,445850000,8035.8,"485,821.00"
2019-10-11,49150,2044.61,98.4,2970.27,1182.48,381150000,8035.8,"485,821.00"
2019-10-14,50000,2067.4,98.4,2966.15,1183.7,511220000,8035.8,"485,821.00"
2019-10-15,50100,2068.17,98.4,2995.68,1184.79,464530000,8035.8,"485,821.00"
2019-10-16,50700,2082.83,98.4,2989.69,1185.51,524540000,8035.8,"485,821.00"
2019-10-17,50500,2077.94,98.4,2997.95,1178.6,314180000,8035.8,"485,821.00"
2019-10-18,49900,2060.69,98.4,2986.2,1177.91,516690000,8035.8,"485,821.00"
2019-10-21,50300,2064.84,98.4,3006.72,1172.33,606110000,8035.8,"485,821.00"
2019-10-22,51200,2088.86,98.4,2995.99,1172.09,504060000,8035.8,"485,821.00"
2019-10-23,51200,2080.62,98.4,3004.52,1169.67,429450000,8035.8,"485,821.00"
2019-10-24,50700,2085.66,98.4,3010.29,1175.12,367720000,8035.8,"485,821.00"
2019-10-25,50900,2087.89,98.4,3022.55,1171.66,348690000,8035.8,"485,821.00"
2019-10-28,51300,2093.6,98.4,3039.42,1167.61,269230000,8035.8,"485,821.00"
2019-10-29,51100,2092.69,98.4,3036.89,1167.39,357660000,8035.8,"485,821.00"
2019-10-30,50400,2080.27,98.4,3046.77,1164.41,415550000,8035.8,"485,821.00"
2019-10-31,50400,2083.48,98.4,3037.56,1169.24,461320000,8035.8,"485,821.00"
2019-11-01,51200,2100.2,98.7,3066.91,1164.67,418310000,5876.6,"485,821.00"
2019-11-04,52300,2130.24,98.7,3078.27,1162.79,476260000,5876.6,"485,821.00"
2019-11-05,52700,2142.64,98.7,3074.62,1155.82,400640000,5876.6,"485,821.00"
2019-11-06,53300,2144.15,98.7,3076.78,1160.41,410080000,5876.6,"485,821.00"
2019-11-07,52900,2144.29,98.7,3085.18,1154.31,425660000,5876.6,"485,821.00"
2019-11-08,52100,2137.23,98.7,3093.08,1158.6,574130000,5876.6,"485,821.00"
2019-11-11,51600,2124.09,98.7,3087.01,1164.45,617270000,5876.6,"485,821.00"
2019-11-12,52600,2140.92,98.7,3091.84,1165.53,610430000,5876.6,"485,821.00"
2019-11-13,52500,2122.45,98.7,3094.04,1171.09,664360000,5876.6,"485,821.00"
2019-11-14,52800,2139.23,98.7,3096.63,1168.08,521110000,5876.6,"485,821.00"
2019-11-15,53700,2162.18,98.7,3120.46,1162.65,556250000,5876.6,"485,821.00"
2019-11-18,53500,2160.69,98.7,3122.03,1166.23,489230000,5876.6,"485,821.00"
2019-11-19,53500,2153.24,98.7,3120.18,1167.35,826880000,5876.6,"485,821.00"
2019-11-20,52000,2125.32,98.7,3108.46,1169.82,581060000,5876.6,"485,821.00"
2019-11-21,51000,2096.6,98.7,3103.54,1176.45,579550000,5876.6,"485,821.00"
2019-11-22,51600,2101.96,98.7,3110.29,1179.33,519850000,5876.6,"485,821.00"
2019-11-25,51800,2123.5,98.7,3133.64,1172.9,397680000,5876.6,"485,821.00"
2019-11-26,51800,2121.35,98.7,3140.52,1172.42,532600000,5876.6,"485,821.00"
2019-11-27,52200,2127.85,98.7,3153.63,1175.97,367800000,5876.6,"485,821.00"
2019-11-28,51300,2118.6,98.7,3147.305,1178.09,335230000,5876.6,"485,821.00"
2019-11-29,50300,2087.96,98.7,3140.98,1180.7,433260000,5876.6,"485,821.00"
2019-12-02,50400,2091.92,99,3113.87,1184.78,385340000,4636.9,"485,821.00"
2019-12-03,49900,2084.07,99,3093.2,1189.36,450040000,4636.9,"485,821.00"
2019-12-04,49450,2068.89,99,3112.76,1191.15,347000000,4636.9,"485,821.00"
2019-12-05,49500,2060.74,99,3117.43,1187.92,472190000,4636.9,"485,821.00"
2019-12-06,50400,2081.85,99,3145.91,1185.51,440190000,4636.9,"485,821.00"
2019-12-09,51200,2088.65,99,3135.96,1189.55,393130000,4636.9,"485,821.00"
2019-12-10,51500,2098,99,3132.52,1189.49,500060000,4636.9,"485,821.00"
2019-12-11,51900,2105.62,99,3141.63,1188.61,668730000,4636.9,"485,821.00"
2019-12-12,53300,2137.35,99,3168.57,1171.89,584640000,4636.9,"485,821.00"
2019-12-13,54700,2170.25,99,3168.8,1175.57,540030000,4636.9,"485,821.00"
2019-12-16,54700,2168.15,99,3191.45,1167.48,377050000,4636.9,"485,821.00"
2019-12-17,56700,2195.68,99,3192.52,1163.15,599530000,4636.9,"485,821.00"
2019-12-18,56300,2194.76,99,3191.14,1166.57,591110000,4636.9,"485,821.00"
2019-12-19,56000,2196.56,99,3205.37,1162.27,643140000,4636.9,"485,821.00"
2019-12-20,56000,2204.18,99,3221.22,1158.99,646680000,4636.9,"485,821.00"
2019-12-23,55500,2203.71,99,3224.01,1163.04,502030000,4636.9,"485,821.00"
2019-12-24,55000,2190.08,99,3223.38,1162.52,569970000,4636.9,"485,821.00"
2019-12-26,55400,2197.93,99,3239.91,1161.3,571310000,4636.9,"485,821.00"
2019-12-27,56500,2204.21,99,3240.02,1158.95,490170000,4636.9,"485,821.00"
2019-12-30,55800,2197.67,99,3221.29,1156.97,416400000,4636.9,"485,821.00"
2020-01-02,55200,2175.17,99,3257.85,1157.35,494680000,184.5,"479,344.30"
2020-01-03,55500,2176.46,99,3234.85,1164.95,631560000,184.5,"479,344.30"
2020-01-06,55500,2155.07,99,3246.28,1166.94,592670000,184.5,"479,344.30"
2020-01-07,55800,2175.54,99,3237.18,1167.3,568240000,184.5,"479,344.30"
2020-01-08,56800,2151.31,99,3253.05,1162.25,913830000,184.5,"479,344.30"
2020-01-09,58600,2186.45,99,3274.7,1158.72,592600000,184.5,"479,344.30"
2020-01-10,59500,2206.39,99,3265.35,1157.97,594540000,184.5,"479,344.30"
2020-01-13,60000,2229.26,99,3288.13,1153.95,488290000,184.5,"479,344.30"
2020-01-14,60000,2238.88,99,3283.15,1157.2,835900000,184.5,"479,344.30"
2020-01-15,59000,2230.98,99,3289.29,1157.91,746160000,184.5,"479,344.30"
2020-01-16,60700,2248.05,99,3316.81,1159.73,808330000,184.5,"479,344.30"
2020-01-17,61300,2250.57,99,3329.62,1160.44,580820000,184.5,"479,344.30"
2020-01-20,62400,2262.64,99,3325.205,1158.61,545490000,184.5,"479,344.30"
2020-01-21,61400,2239.69,99,3320.79,1169.01,770320000,184.5,"479,344.30"
2020-01-22,62300,2267.25,99,3321.75,1164.76,608510000,184.5,"479,344.30"
2020-01-23,60800,2246.13,99,3325.54,1168.54,509610000,184.5,"479,344.30"
2020-01-28,58800,2176.72,99,3276.24,1175.71,808880000,184.5,"479,344.30"
2020-01-29,59100,2185.28,99,3273.4,1178.68,692300000,184.5,"479,344.30"
2020-01-30,57200,2148,99,3283.66,1187.64,602840000,184.5,"479,344.30"
2020-01-31,56400,2119.01,99,3225.52,1194.97,710510000,184.5,"479,344.30"
2020-02-03,57200,2118.88,99,3248.92,1189.79,836700000,6708.2,"479,344.30"
2020-02-04,58900,2157.9,99,3297.59,1182.9,624640000,6708.2,"479,344.30"
2020-02-05,59500,2165.63,99,3334.69,1183.4,574400000,6708.2,"479,344.30"
2020-02-06,61100,2227.94,99,3345.78,1185.28,695220000,6708.2,"479,344.30"
2020-02-07,60400,2211.95,99,3327.71,1191.39,800340000,6708.2,"479,344.30"
2020-02-10,59700,2201.07,99,3352.09,1187.17,609570000,6708.2,"479,344.30"
2020-02-11,59900,2223.12,99,3357.75,1181.25,526210000,6708.2,"479,344.30"
2020-02-12,60500,2238.38,99,3379.45,1178.51,632460000,6708.2,"479,344.30"
2020-02-13,60700,2232.96,99,3373.94,1183.58,638670000,6708.2,"479,344.30"
2020-02-14,61800,2243.59,99,3380.16,1182.46,597220000,6708.2,"479,344.30"
2020-02-17,61500,2242.17,99,3375.225,1185.25,458250000,6708.2,"479,344.30"
2020-02-18,59800,2208.88,99,3370.29,1190.95,470420000,6708.2,"479,344.30"
2020-02-19,60200,2210.34,99,3386.15,1192.5,591160000,6708.2,"479,344.30"
2020-02-20,60000,2195.5,99,3373.23,1204.71,709560000,6708.2,"479,344.30"
2020-02-21,59200,2162.84,99,3337.75,1206.91,635470000,6708.2,"479,344.30"
2020-02-24,56800,2079.04,99,3225.89,1219.08,948620000,6708.2,"479,344.30"
2020-02-25,57900,2103.61,99,3128.21,1215.54,1570000000,6708.2,"479,344.30"
2020-02-26,56500,2076.77,99,3116.39,1212.31,810940000,6708.2,"479,344.30"
2020-02-27,55900,2054.89,99,2978.76,1212.63,562770000,6708.2,"479,344.30"
2020-02-28,54200,1987.01,99,2954.22,1200.2,671550000,6708.2,"479,344.30"
2020-03-02,55000,2002.51,98.5,3090.23,1189.61,528100000,5825.8,"479,344.30"
2020-03-03,55400,2014.15,98.5,3003.37,1180.5,615690000,5825.8,"479,344.30"
2020-03-04,57400,2059.33,98.5,3130.12,1184.73,606290000,5825.8,"479,344.30"
2020-03-05,57800,2085.26,98.5,3023.94,1188.72,675200000,5825.8,"479,344.30"
2020-03-06,56500,2040.22,98.5,2972.37,1188.7,865590000,5825.8,"479,344.30"
2020-03-09,54200,1954.77,98.5,2746.56,1200.88,666870000,5825.8,"479,344.30"
2020-03-10,54600,1962.93,98.5,2882.23,1185.6,638560000,5825.8,"479,344.30"
2020-03-11,52100,1908.27,98.5,2741.38,1192.57,679720000,5825.8,"479,344.30"
2020-03-12,50800,1834.33,98.5,2480.64,1210.71,850340000,5825.8,"479,344.30"
2020-03-13,49950,1771.44,98.5,2711.02,1211.28,1040000000,5825.8,"479,344.30"
2020-03-16,48900,1714.86,98.5,2386.13,1232.37,682000000,5825.8,"479,344.30"
2020-03-17,47300,1672.44,98.5,2529.19,1239.72,649780000,5825.8,"479,344.30"
2020-03-18,45600,1591.2,98.5,2398.1,1256.46,728010000,5825.8,"479,344.30"
2020-03-19,42950,1457.64,98.5,2409.39,1257.86,977670000,5825.8,"479,344.30"
2020-03-20,45400,1566.15,98.5,2304.92,1254.45,817020000,5825.8,"479,344.30"
2020-03-23,42500,1482.46,98.5,2237.4,1272.5,647530000,5825.8,"479,344.30"
2020-03-24,46950,1609.97,98.5,2447.33,1233.21,679290000,5825.8,"479,344.30"
2020-03-25,48650,1704.76,98.5,2475.56,1232,872810000,5825.8,"479,344.30"
2020-03-26,47800,1686.24,98.5,2630.07,1212.9,992470000,5825.8,"479,344.30"
2020-03-27,48300,1717.73,98.5,2541.47,1212.23,1080000000,5825.8,"479,344.30"
2020-03-30,47850,1717.12,98.5,2626.65,1224.21,767780000,5825.8,"479,344.30"
2020-03-31,47750,1754.64,98.5,2584.59,1218.3,1040000000,5825.8,"479,344.30"
2020-04-01,45800,1685.46,98.2,2470.5,1236.2,1240000000,-4023.8,"474,669.50"
2020-04-02,46800,1724.86,98.2,2526.9,1227.35,766310000,-4023.8,"474,669.50"
2020-04-03,47000,1725.44,98.2,2488.65,1235.61,1000000000,-4023.8,"474,669.50"
2020-04-06,48700,1791.88,98.2,2663.68,1224.6,1220000000,-4023.8,"474,669.50"
2020-04-07,49600,1823.6,98.2,2659.41,1214.93,951740000,-4023.8,"474,669.50"
2020-04-08,48600,1807.14,98.2,2749.98,1215.76,907490000,-4023.8,"474,669.50"
2020-04-09,49100,1836.21,98.2,2789.82,1210.58,920570000,-4023.8,"474,669.50"
2020-04-10,49250,1860.7,98.2,2775.725,1211.05,992550000,-4023.8,"474,669.50"
2020-04-13,48300,1825.76,98.2,2761.63,1215.46,1020000000,-4023.8,"474,669.50"
2020-04-14,49000,1857.08,98.2,2846.06,1212.46,886770000,-4023.8,"474,669.50"
2020-04-16,49000,1857.07,98.2,2799.55,1228.94,878340000,-4023.8,"474,669.50"
2020-04-17,51400,1914.53,98.2,2874.56,1216.13,1670000000,-4023.8,"474,669.50"
2020-04-20,50100,1898.36,98.2,2823.16,1220.58,1090000000,-4023.8,"474,669.50"
2020-04-21,49250,1879.38,98.2,2736.56,1232.56,1170000000,-4023.8,"474,669.50"
2020-04-22,49850,1896.15,98.2,2799.31,1233.55,820360000,-4023.8,"474,669.50"
2020-04-23,49850,1914.73,98.2,2797.8,1233.04,683720000,-4023.8,"474,669.50"
2020-04-24,49350,1889.01,98.2,2836.74,1230.53,933920000,-4023.8,"474,669.50"
2020-04-27,49850,1922.77,98.2,2878.48,1222.05,735660000,-4023.8,"474,669.50"
2020-04-28,50100,1934.09,98.2,2863.39,1221.31,1170000000,-4023.8,"474,669.50"
2020-04-29,50000,1947.56,98.2,2939.51,1210.99,1980000000,-4023.8,"474,669.50"
2020-05-04,48500,1895.37,97.9,2842.74,1224.14,1150000000,1942.1,"474,669.50"
2020-05-06,49200,1928.76,97.9,2848.42,1228.55,1080000000,1942.1,"474,669.50"
2020-05-07,48800,1928.61,97.9,2881.19,1219.61,775660000,1942.1,"474,669.50"
2020-05-08,48800,1945.82,97.9,2929.8,1219.65,784770000,1942.1,"474,669.50"
2020-05-11,48400,1935.4,97.9,2930.32,1222.91,591280000,1942.1,"474,669.50"
2020-05-12,47900,1922.17,97.9,2870.12,1226.64,799930000,1942.1,"474,669.50"
2020-05-13,48550,1940.42,97.9,2820,1227.37,618780000,1942.1,"474,669.50"
2020-05-14,48000,1924.96,97.9,2852.5,1227.03,760650000,1942.1,"474,669.50"
2020-05-15,47850,1927.28,97.9,2863.7,1232.69,866360000,1942.1,"474,669.50"
2020-05-18,48800,1937.11,97.9,2953.91,1225.13,761690000,1942.1,"474,669.50"
2020-05-19,50300,1980.61,97.9,2922.94,1225.04,773410000,1942.1,"474,669.50"
2020-05-20,50000,1989.64,97.9,2971.61,1227.26,699450000,1942.1,"474,669.50"
2020-05-21,49950,1998.31,97.9,2948.51,1233.19,601200000,1942.1,"474,669.50"
2020-05-22,48750,1970.13,97.9,2955.45,1240.59,847470000,1942.1,"474,669.50"
2020-05-25,48850,1994.6,97.9,2973.61,1240.45,641460000,1942.1,"474,669.50"
2020-05-26,49250,2029.78,97.9,2991.77,1230.9,1020000000,1942.1,"474,669.50"
2020-05-27,49900,2031.2,97.9,3036.13,1238.19,1180000000,1942.1,"474,669.50"
2020-05-28,50400,2028.54,97.9,3029.73,1237.97,1170000000,1942.1,"474,669.50"
2020-05-29,50700,2029.6,97.9,3044.31,1231.49,1090000000,1942.1,"474,669.50"
2020-06-01,51200,2065.08,98.2,3055.73,1222.92,997350000,7039.3,"474,669.50"
2020-06-02,51400,2087.19,98.2,3080.82,1219.62,1000000000,7039.3,"474,669.50"
2020-06-03,54500,2147,98.2,3122.87,1215.79,1150000000,7039.3,"474,669.50"
2020-06-04,54600,2151.18,98.2,3112.35,1216.39,1390000000,7039.3,"474,669.50"
2020-06-05,55500,2181.87,98.2,3193.93,1202.02,854590000,7039.3,"474,669.50"
2020-06-08,54900,2184.29,98.2,3232.39,1195.35,854040000,7039.3,"474,669.50"
2020-06-09,55500,2188.92,98.2,3207.18,1198.4,817080000,7039.3,"474,669.50"
2020-06-10,55400,2195.69,98.2,3190.14,1190.67,706290000,7039.3,"474,669.50"
2020-06-11,54300,2176.78,98.2,3002.1,1206.1,827380000,7039.3,"474,669.50"
2020-06-12,52300,2132.3,98.2,3041.31,1203.66,689900000,7039.3,"474,669.50"
2020-06-15,49900,2030.82,98.2,3066.59,1208.55,1070000000,7039.3,"474,669.50"
2020-06-16,52100,2138.05,98.2,3124.74,1211.79,973640000,7039.3,"474,669.50"
2020-06-17,52200,2141.05,98.2,3113.49,1215.41,927520000,7039.3,"474,669.50"
2020-06-18,52300,2133.48,98.2,3115.34,1212.5,767180000,7039.3,"474,669.50"
2020-06-19,52900,2141.32,98.2,3097.74,1211.83,1080000000,7039.3,"474,669.50"
2020-06-22,52000,2126.73,98.2,3117.86,1209.41,789370000,7039.3,"474,669.50"
2020-06-23,51400,2131.24,98.2,3131.29,1207.46,917570000,7039.3,"474,669.50"
2020-06-24,52900,2161.51,98.2,3050.33,1206.08,913900000,7039.3,"474,669.50"
2020-06-25,51900,2112.37,98.2,3083.76,1202.21,1020000000,7039.3,"474,669.50"
2020-06-26,53300,2134.65,98.2,3009.05,1203.8,761040000,7039.3,"474,669.50"
2020-06-29,52400,2093.48,98.2,3053.24,1199.16,643160000,7039.3,"474,669.50"
2020-06-30,52800,2108.33,98.2,3100.29,1199.28,708600000,7039.3,"474,669.50"
2020-07-01,52600,2106.7,98.5,3115.86,1201.51,1120000000,7225.9,"487,038.50"
2020-07-02,52900,2135.37,98.5,3130.01,1198.75,1090000000,7225.9,"487,038.50"
2020-07-03,53600,2152.41,98.5,3154.865,1198.93,770050000,7225.9,"487,038.50"
2020-07-06,55000,2187.93,98.5,3179.72,1191.92,666900000,7225.9,"487,038.50"
2020-07-07,53400,2164.17,98.5,3145.32,1196.75,847430000,7225.9,"487,038.50"
2020-07-08,53000,2158.88,98.5,3169.94,1192.05,677810000,7225.9,"487,038.50"
2020-07-09,52800,2167.9,98.5,3152.05,1196.98,619370000,7225.9,"487,038.50"
2020-07-10,52700,2150.25,98.5,3185.04,1200.42,886990000,7225.9,"487,038.50"
2020-07-13,53400,2186.06,98.5,3155.22,1203.37,650230000,7225.9,"487,038.50"
2020-07-14,53800,2183.61,98.5,3197.52,1204.89,810950000,7225.9,"487,038.50"
2020-07-15,54700,2201.88,98.5,3226.56,1200.5,830270000,7225.9,"487,038.50"
2020-07-16,53800,2183.76,98.5,3215.57,1205.11,784640000,7225.9,"487,038.50"
2020-07-17,54400,2201.19,98.5,3224.73,1203.44,569300000,7225.9,"487,038.50"
2020-07-20,54200,2198.2,98.5,3251.84,1200.9,686820000,7225.9,"487,038.50"
2020-07-21,55300,2228.83,98.5,3257.3,1193.92,918480000,7225.9,"487,038.50"
2020-07-22,54700,2228.66,98.5,3276.02,1197.22,856220000,7225.9,"487,038.50"
2020-07-23,54100,2216.19,98.5,3235.66,1201.45,934540000,7225.9,"487,038.50"
2020-07-24,54200,2200.44,98.5,3215.63,1201.5,1000000000,7225.9,"487,038.50"
2020-07-27,55600,2217.86,98.5,3239.41,1195.57,928620000,7225.9,"487,038.50"
2020-07-28,58600,2256.99,98.5,3218.44,1199.46,866720000,7225.9,"487,038.50"
2020-07-29,59000,2263.16,98.5,3258.44,1189.79,899490000,7225.9,"487,038.50"
2020-07-30,59000,2267.01,98.5,3246.22,1189.62,713040000,7225.9,"487,038.50"
2020-07-31,57900,2249.37,98.5,3271.12,1193.59,739690000,7225.9,"487,038.50"
2020-08-03,56800,2251.04,98.9,3294.61,1192.59,648460000,6589,"487,038.50"
2020-08-04,57300,2279.97,98.9,3306.51,1193.2,722910000,6589,"487,038.50"
2020-08-05,56900,2311.86,98.9,3327.77,1186.05,841300000,6589,"487,038.50"
2020-08-06,58000,2342.61,98.9,3349.16,1183.5,797150000,6589,"487,038.50"
2020-08-07,57500,2351.67,98.9,3351.28,1188.68,812590000,6589,"487,038.50"
2020-08-10,57800,2386.38,98.9,3360.47,1185.58,784620000,6589,"487,038.50"
2020-08-11,58200,2418.67,98.9,3333.69,1185.62,843440000,6589,"487,038.50"
2020-08-12,59000,2432.35,98.9,3380.35,1183.23,763730000,6589,"487,038.50"
2020-08-13,58700,2437.53,98.9,3373.43,1184.92,907220000,6589,"487,038.50"
2020-08-14,58000,2407.49,98.9,3372.85,1186.94,968120000,6589,"487,038.50"
2020-08-18,58400,2348.24,98.9,3389.78,1182.7,909750000,6589,"487,038.50"
2020-08-19,57800,2360.54,98.9,3374.85,1181.74,637960000,6589,"487,038.50"
2020-08-20,55400,2274.22,98.9,3385.51,1185.24,903740000,6589,"487,038.50"
2020-08-21,55900,2304.59,98.9,3397.16,1191.72,865730000,6589,"487,038.50"
2020-08-24,56100,2329.83,98.9,3431.28,1188.66,649280000,6589,"487,038.50"
2020-08-25,56400,2366.73,98.9,3443.62,1187.35,771580000,6589,"487,038.50"
2020-08-26,56400,2369.32,98.9,3478.73,1184.39,956480000,6589,"487,038.50"
2020-08-27,55600,2344.45,98.9,3484.55,1187.44,913920000,6589,"487,038.50"
2020-08-28,55400,2353.8,98.9,3508.01,1180.48,1300000000,6589,"487,038.50"
2020-08-31,54000,2326.17,98.9,3500.31,1187.94,1650000000,6589,"487,038.50"
2020-09-01,54200,2349.55,99.2,3526.65,1185.45,1090000000,10672.3,"487,038.50"
2020-09-02,54400,2364.37,99.2,3580.84,1189.13,1430000000,10672.3,"487,038.50"
2020-09-03,56400,2395.9,99.2,3455.06,1191.48,981550000,10672.3,"487,038.50"
2020-09-04,55600,2368.25,99.2,3426.96,1187.3,1350000000,10672.3,"487,038.50"
2020-09-07,56500,2384.22,99.2,3379.4,1187.27,1200000000,10672.3,"487,038.50"
2020-09-08,58700,2401.91,99.2,3331.84,1190.1,979360000,10672.3,"487,038.50"
2020-09-09,58400,2375.81,99.2,3398.96,1184.79,946250000,10672.3,"487,038.50"
2020-09-10,59200,2396.48,99.2,3339.19,1188.11,1060000000,10672.3,"487,038.50"
2020-09-11,59000,2396.69,99.2,3340.97,1187.89,882880000,10672.3,"487,038.50"
2020-09-14,60400,2427.91,99.2,3383.54,1181.51,963080000,10672.3,"487,038.50"
2020-09-15,61000,2443.58,99.2,3401.2,1179.76,849970000,10672.3,"487,038.50"
2020-09-16,61000,2435.92,99.2,3385.49,1172.88,772940000,10672.3,"487,038.50"
2020-09-17,59500,2406.17,99.2,3357.01,1169.2,853740000,10672.3,"487,038.50"
2020-09-18,59300,2412.4,99.2,3319.47,1164.81,756520000,10672.3,"487,038.50"
2020-09-21,59200,2389.39,99.2,3281.06,1163.61,1040000000,10672.3,"487,038.50"
2020-09-22,58200,2332.59,99.2,3315.57,1163.61,1050000000,10672.3,"487,038.50"
2020-09-23,58600,2333.24,99.2,3236.92,1170.65,735040000,10672.3,"487,038.50"
2020-09-24,57800,2272.7,99.2,3246.59,1169.1,714880000,10672.3,"487,038.50"
2020-09-25,57900,2278.79,99.2,3298.46,1174.32,697960000,10672.3,"487,038.50"
2020-09-28,58200,2308.08,99.2,3351.6,1166.85,605980000,10672.3,"487,038.50"
2020-09-29,58200,2327.89,99.2,3335.47,1168.73,646220000,10672.3,"487,038.50"
2020-10-05,58700,2358,99.5,3408.63,1157.12,763620000,12057.1,"492,100.10"
2020-10-06,59000,2365.9,99.5,3360.95,1164.37,861750000,12057.1,"492,100.10"
2020-10-07,59900,2386.94,99.5,3419.45,1157.26,737990000,12057.1,"492,100.10"
2020-10-08,59700,2391.96,99.5,3446.83,1151.11,961730000,12057.1,"492,100.10"
2020-10-12,60400,2403.73,99.5,3534.22,1147.79,843570000,12057.1,"492,100.10"
2020-10-13,60900,2403.15,99.5,3511.93,1148.3,724920000,12057.1,"492,100.10"
2020-10-14,60900,2380.48,99.5,3488.67,1147.14,901180000,12057.1,"492,100.10"
2020-10-15,60000,2361.21,99.5,3483.34,1145.14,1170000000,12057.1,"492,100.10"
2020-10-16,59500,2341.53,99.5,3483.81,1142.13,920200000,12057.1,"492,100.10"
2020-10-19,60000,2346.74,99.5,3426.92,1140.06,931640000,12057.1,"492,100.10"
2020-10-20,60900,2358.41,99.5,3443.12,1138.39,874290000,12057.1,"492,100.10"
2020-10-21,60900,2370.86,99.5,3435.56,1132.54,812840000,12057.1,"492,100.10"
2020-10-22,60100,2355.05,99.5,3453.49,1134.74,815610000,12057.1,"492,100.10"
2020-10-23,60200,2360.81,99.5,3465.39,1127.95,890380000,12057.1,"492,100.10"
2020-10-26,60400,2343.91,99.5,3400.97,1132.44,822270000,12057.1,"492,100.10"
2020-10-27,59800,2330.84,99.5,3390.68,1129.21,666940000,12057.1,"492,100.10"
2020-10-28,59000,2345.26,99.5,3271.03,1134.93,705770000,12057.1,"492,100.10"
2020-10-29,58100,2326.67,99.5,3310.11,1130.06,509770000,12057.1,"492,100.10"
2020-10-30,56600,2267.15,99.5,3269.96,1136.49,795590000,12057.1,"492,100.10"
2020-11-02,57400,2300.16,100,3310.24,1132.95,678500000,9618.8,"492,100.10"
2020-11-03,58800,2343.31,100,3369.16,1131.32,887440000,9618.8,"492,100.10"
2020-11-04,58500,2357.32,100,3443.44,1127.65,986790000,9618.8,"492,100.10"
2020-11-05,60300,2413.79,100,3510.45,1122.88,702040000,9618.8,"492,100.10"
2020-11-06,60100,2416.5,100,3509.44,1121.4,825570000,9618.8,"492,100.10"
2020-11-09,60200,2447.2,100,3550.5,1119.06,1350000000,9618.8,"492,100.10"
2020-11-10,60200,2452.83,100,3545.53,1117.07,1460000000,9618.8,"492,100.10"
2020-11-11,61300,2485.87,100,3572.66,1112.39,1270000000,9618.8,"492,100.10"
2020-11-12,61000,2475.62,100,3537.01,1114.86,1280000000,9618.8,"492,100.10"
2020-11-13,63200,2493.87,100,3585.15,1107.62,1070000000,9618.8,"492,100.10"
2020-11-16,66300,2543.03,100,3626.91,1107.04,1240000000,9618.8,"492,100.10"
2020-11-17,65700,2539.15,100,3609.53,1105.38,1270000000,9618.8,"492,100.10"
2020-11-18,64800,2545.64,100,3567.79,1106.17,923500000,9618.8,"492,100.10"
2020-11-19,64600,2547.42,100,3581.87,1113.59,976480000,9618.8,"492,100.10"
2020-11-20,64700,2553.5,100,3557.54,1114.95,1130000000,9618.8,"492,100.10"
2020-11-23,67500,2602.59,100,3577.59,1113.51,1650000000,9618.8,"492,100.10"
2020-11-24,67700,2617.76,100,3635.41,1110.24,1360000000,9618.8,"492,100.10"
2020-11-25,66600,2601.54,100,3629.65,1106.21,1410000000,9618.8,"492,100.10"
2020-11-26,68000,2625.91,100,3634,1105.57,1390000000,9618.8,"492,100.10"
2020-11-27,68200,2633.45,100,3638.35,1104.43,1200000000,9618.8,"492,100.10"
2020-11-30,66700,2591.34,100,3621.63,1109.32,1310000000,9618.8,"492,100.10"
2020-12-01,67800,2634.25,100.2,3662.45,1105.73,1150000000,12063,"492,100.10"
2020-12-02,69500,2675.9,100.2,3669.01,1100.02,1080000000,12063,"492,100.10"
2020-12-03,69700,2696.22,100.2,3666.72,1092.08,817070000,12063,"492,100.10"
2020-12-04,71500,2731.45,100.2,3699.12,1083.77,1780000000,12063,"492,100.10"
2020-12-07,72900,2745.44,100.2,3691.96,1083.53,1500000000,12063,"492,100.10"
2020-12-08,71700,2700.93,100.2,3702.25,1084.86,1420000000,12063,"492,100.10"
2020-12-09,73900,2755.47,100.2,3672.82,1086.48,1250000000,12063,"492,100.10"
2020-12-10,72900,2746.46,100.2,3668.1,1085.55,1230000000,12063,"492,100.10"
2020-12-11,73400,2770.06,100.2,3663.46,1091.67,1220000000,12063,"492,100.10"
2020-12-14,73800,2762.2,100.2,3647.49,1093.07,1110000000,12063,"492,100.10"
2020-12-15,73800,2756.82,100.2,3694.62,1089.43,1090000000,12063,"492,100.10"
2020-12-16,73800,2771.79,100.2,3701.17,1092.36,1170000000,12063,"492,100.10"
2020-12-17,73300,2770.43,100.2,3722.48,1093.01,1020000000,12063,"492,100.10"
2020-12-18,73000,2772.18,100.2,3709.41,1099.39,1060000000,12063,"492,100.10"
2020-12-21,73000,2778.65,100.2,3694.92,1102.55,1140000000,12063,"492,100.10"
2020-12-22,72300,2733.68,100.2,3687.26,1109.72,1260000000,12063,"492,100.10"
2020-12-23,73900,2759.82,100.2,3690.01,1106.65,1120000000,12063,"492,100.10"
2020-12-24,77800,2806.86,100.2,3703.06,1101.59,1030000000,12063,"492,100.10"
2020-12-28,78700,2808.6,100.2,3735.36,1095.6,1010000000,12063,"492,100.10"
2020-12-29,78300,2820.51,100.2,3727.04,1090.97,1050000000,12063,"492,100.10"
2020-12-30,81000,2873.47,100.2,3732.04,1087.62,1070000000,12063,"492,100.10"
2021-01-04,83000,2944.45,100.5,3700.65,1086.48,1030000000,6780.9,"501,248.10"
2021-01-05,83900,2990.57,100.5,3726.86,1086.42,1520000000,6780.9,"501,248.10"
2021-01-06,82200,2968.21,100.5,3748.14,1087.93,1790000000,6780.9,"501,248.10"
2021-01-07,82900,3031.68,100.5,3803.79,1094.28,1520000000,6780.9,"501,248.10"
2021-01-08,88800,3152.18,100.5,3824.68,1092.93,1300000000,6780.9,"501,248.10"
2021-01-11,91000,3148.45,100.5,3799.61,1097.23,1710000000,6780.9,"501,248.10"
2021-01-12,90600,3125.95,100.5,3801.19,1094.48,1390000000,6780.9,"501,248.10"
2021-01-13,89700,3148.29,100.5,3809.84,1097.12,1580000000,6780.9,"501,248.10"
2021-01-14,89700,3149.93,100.5,3795.54,1095.88,1230000000,6780.9,"501,248.10"
2021-01-15,88000,3085.9,100.5,3768.25,1103.27,1330000000,6780.9,"501,248.10"
2021-01-18,85000,3013.93,100.5,3783.58,1102.52,1470000000,6780.9,"501,248.10"
2021-01-19,87000,3092.66,100.5,3798.91,1101.44,1350000000,6780.9,"501,248.10"
2021-01-20,87200,3114.55,100.5,3851.85,1096.35,1190000000,6780.9,"501,248.10"
2021-01-21,88100,3160.84,100.5,3853.07,1099.88,1360000000,6780.9,"501,248.10"
2021-01-22,86800,3140.63,100.5,3841.47,1105.41,1110000000,6780.9,"501,248.10"
2021-01-25,89400,3208.99,100.5,3855.36,1102.58,1090000000,6780.9,"501,248.10"
2021-01-26,86700,3140.31,100.5,3849.62,1101.02,873020000,6780.9,"501,248.10"
2021-01-27,85600,3122.56,100.5,3750.77,1108.38,924580000,6780.9,"501,248.10"
2021-01-28,83700,3069.05,100.5,3787.38,1112.52,1310000000,6780.9,"501,248.10"
2021-01-29,82000,2976.21,100.5,3714.24,1117.64,995070000,6780.9,"501,248.10"
2021-02-01,83000,3056.53,100.7,3773.86,1116.51,969260000,8057.5,"501,248.10"
2021-02-02,84400,3096.81,100.7,3826.31,1115.37,887310000,8057.5,"501,248.10"
2021-02-03,84600,3129.68,100.7,3830.17,1113.46,901790000,8057.5,"501,248.10"
2021-02-04,82500,3087.55,100.7,3871.74,1120,1460000000,8057.5,"501,248.10"
2021-02-05,83500,3120.63,100.7,3886.83,1116.77,1190000000,8057.5,"501,248.10"
2021-02-08,83000,3091.24,100.7,3915.59,1115.61,1280000000,8057.5,"501,248.10"
2021-02-09,82700,3084.67,100.7,3911.23,1110.88,2150000000,8057.5,"501,248.10"
2021-02-10,81600,3100.58,100.7,3909.88,1105.48,2150000000,8057.5,"501,248.10"
2021-02-15,84200,3147,100.7,3921.235,1101.31,1600000000,8057.5,"501,248.10"
2021-02-16,84900,3163.25,100.7,3932.59,1106.58,1940000000,8057.5,"501,248.10"
2021-02-17,83200,3133.73,100.7,3931.33,1105.61,1780000000,8057.5,"501,248.10"
2021-02-18,82100,3086.66,100.7,3913.97,1106.96,1860000000,8057.5,"501,248.10"
2021-02-19,82600,3107.62,100.7,3906.71,1104.27,3460000000,8057.5,"501,248.10"
2021-02-22,82200,3079.75,100.7,3876.5,1111.59,1830000000,8057.5,"501,248.10"
2021-02-23,82000,3070.09,100.7,3881.37,1110.13,2360000000,8057.5,"501,248.10"
2021-02-24,82000,2994.98,100.7,3925.43,1107.27,1560000000,8057.5,"501,248.10"
2021-02-25,85300,3099.69,100.7,3829.34,1118.77,1280000000,8057.5,"501,248.10"
2021-02-26,82500,3012.95,100.7,3811.15,1123.89,1360000000,8057.5,"501,248.10"
2021-03-02,83600,3043.87,100.9,3870.29,1125.01,1750000000,7499.4,"501,248.10"
2021-03-03,84000,3082.99,100.9,3819.72,1126.05,2240000000,7499.4,"501,248.10"
2021-03-04,82400,3043.49,100.9,3768.47,1130.87,1280000000,7499.4,"501,248.10"
2021-03-05,82100,3026.26,100.9,3841.94,1128,1190000000,7499.4,"501,248.10"
2021-03-08,82000,2996.11,100.9,3821.35,1140.83,1930000000,7499.4,"501,248.10"
2021-03-09,81400,2976.12,100.9,3875.44,1134.91,1530000000,7499.4,"501,248.10"
2021-03-10,80900,2958.12,100.9,3898.81,1135.91,905650000,7499.4,"501,248.10"
2021-03-11,82000,3013.7,100.9,3939.34,1130.35,1350000000,7499.4,"501,248.10"
2021-03-12,82800,3054.39,100.9,3943.34,1136,1670000000,7499.4,"501,248.10"
2021-03-15,81800,3045.71,100.9,3968.94,1132.35,1160000000,7499.4,"501,248.10"
2021-03-16,82800,3067.17,100.9,3962.71,1129,1120000000,7499.4,"501,248.10"
2021-03-17,82300,3047.5,100.9,3974.12,1121.21,814990000,7499.4,"501,248.10"
2021-03-18,82900,3066.01,100.9,3915.46,1127.75,1230000000,7499.4,"501,248.10"
2021-03-19,81900,3039.53,100.9,3913.1,1129.12,1070000000,7499.4,"501,248.10"
2021-03-22,82000,3035.46,100.9,3940.59,1126,915740000,7499.4,"501,248.10"
2021-03-23,81800,3004.74,100.9,3910.52,1132.9,1330000000,7499.4,"501,248.10"
2021-03-24,81000,2996.35,100.9,3889.14,1134.9,978430000,7499.4,"501,248.10"
2021-03-25,81200,3008.33,100.9,3909.52,1135.12,940350000,7499.4,"501,248.10"
2021-03-26,81500,3041.01,100.9,3974.54,1128.52,1040000000,7499.4,"501,248.10"
2021-03-29,81600,3036.04,100.9,3971.09,1131.56,1290000000,7499.4,"501,248.10"
2021-03-30,82200,3070,100.9,3958.55,1132.59,1020000000,7499.4,"501,248.10"
2021-03-31,81400,3061.42,100.9,3972.89,1127.17,1150000000,7499.4,"501,248.10"
2021-04-01,82900,3087.4,101.3,4019.87,1128.72,922680000,181.2,"511,003.20"
2021-04-02,84800,3112.8,101.3,4048.89,1128.64,792700000,181.2,"511,003.20"
2021-04-05,85400,3120.83,101.3,4077.91,1124.18,1080000000,181.2,"511,003.20"
2021-04-06,86000,3127.08,101.3,4073.94,1119.17,1280000000,181.2,"511,003.20"
2021-04-07,85600,3137.41,101.3,4079.95,1119.03,1980000000,181.2,"511,003.20"
2021-04-08,84700,3143.26,101.3,4097.17,1115.83,1360000000,181.2,"511,003.20"
2021-04-09,83600,3131.88,101.3,4128.8,1120.98,1820000000,181.2,"511,003.20"
2021-04-12,83200,3135.59,101.3,4127.99,1124.32,1050000000,181.2,"511,003.20"
2021-04-13,84000,3169.08,101.3,4141.59,1121.37,1740000000,181.2,"511,003.20"
2021-04-14,84000,3182.38,101.3,4124.66,1116.08,1780000000,181.2,"511,003.20"
2021-04-15,84100,3194.33,101.3,4170.42,1116.68,1310000000,181.2,"511,003.20"
2021-04-16,83900,3198.62,101.3,4185.47,1116.5,985280000,181.2,"511,003.20"
2021-04-19,83300,3198.84,101.3,4163.26,1115.33,1060000000,181.2,"511,003.20"
2021-04-20,83900,3220.7,101.3,4134.94,1117.28,1300000000,181.2,"511,003.20"
2021-04-21,82600,3171.66,101.3,4173.42,1116.35,1770000000,181.2,"511,003.20"
2021-04-22,82400,3177.52,101.3,4134.98,1118.79,1750000000,181.2,"511,003.20"
2021-04-23,82800,3186.1,101.3,4180.17,1114.72,2250000000,181.2,"511,003.20"
2021-04-26,83500,3217.53,101.3,4187.62,1110.27,1300000000,181.2,"511,003.20"
2021-04-27,82900,3215.42,101.3,4186.72,1113.33,1530000000,181.2,"511,003.20"
2021-04-28,82100,3181.47,101.3,4183.18,1109.88,1410000000,181.2,"511,003.20"
2021-04-29,81700,3174.07,101.3,4211.47,1107.63,1220000000,181.2,"511,003.20"
2021-04-30,81500,3147.86,101.3,4181.17,1117.16,1360000000,181.2,"511,003.20"
2021-05-03,81700,3127.2,101.6,4192.66,1120.34,1040000000,10406.3,"511,003.20"
2021-05-04,82600,3147.37,101.6,4164.66,1125.77,1280000000,10406.3,"511,003.20"
2021-05-06,82300,3178.74,101.6,4201.62,1120.28,1240000000,10406.3,"511,003.20"
2021-05-07,81900,3197.2,101.6,4232.6,1111.23,989680000,10406.3,"511,003.20"
2021-05-10,83200,3249.3,101.6,4188.43,1116.68,1010000000,10406.3,"511,003.20"
2021-05-11,81200,3209.43,101.6,4152.1,1119.58,1100000000,10406.3,"511,003.20"
2021-05-12,80000,3161.66,101.6,4063.04,1132.73,1420000000,10406.3,"511,003.20"
2021-05-13,78500,3122.11,101.6,4112.5,1126.73,1100000000,10406.3,"511,003.20"
2021-05-14,80100,3153.32,101.6,4173.85,1125.79,836400000,10406.3,"511,003.20"
2021-05-17,79600,3134.52,101.6,4163.29,1136.73,771310000,10406.3,"511,003.20"
2021-05-18,79600,3173.05,101.6,4127.83,1126.93,786140000,10406.3,"511,003.20"
2021-05-20,79500,3162.28,101.6,4159.12,1127.66,774250000,10406.3,"511,003.20"
2021-05-21,80100,3156.42,101.6,4155.86,1127.63,797260000,10406.3,"511,003.20"
2021-05-24,79700,3144.3,101.6,4197.05,1123.48,587970000,10406.3,"511,003.20"
2021-05-25,79900,3171.32,101.6,4188.13,1122.36,612980000,10406.3,"511,003.20"
2021-05-26,79800,3168.43,101.6,4195.99,1116.61,1270000000,10406.3,"511,003.20"
2021-05-27,79600,3165.51,101.6,4200.88,1118.55,1080000000,10406.3,"511,003.20"
2021-05-28,80100,3188.73,101.6,4204.11,1113.08,966370000,10406.3,"511,003.20"
2021-05-31,80500,3203.92,101.6,4203.075,1106.58,1120000000,10406.3,"511,003.20"
2021-06-01,80600,3221.87,101.8,4202.04,1108.38,1470000000,8830.5,"511,003.20"
2021-06-02,80800,3224.23,101.8,4208.12,1110.92,1500000000,8830.5,"511,003.20"
2021-06-03,82800,3247.43,101.8,4192.85,1116.46,1580000000,8830.5,"511,003.20"
2021-06-04,82200,3240.08,101.8,4229.89,1110.52,1390000000,8830.5,"511,003.20"
2021-06-07,81900,3252.12,101.8,4226.52,1110.62,1730000000,8830.5,"511,003.20"
2021-06-08,81900,3247.83,101.8,4227.26,1117.72,1950000000,8830.5,"511,003.20"
2021-06-09,81100,3216.18,101.8,4219.55,1115.61,1960000000,8830.5,"511,003.20"
2021-06-10,81000,3224.64,101.8,4239.18,1112.32,1900000000,8830.5,"511,003.20"
2021-06-11,81000,3249.32,101.8,4247.44,1116.4,1650000000,8830.5,"511,003.20"
2021-06-14,80500,3252.13,101.8,4255.15,1116.33,1660000000,8830.5,"511,003.20"
2021-06-15,80900,3258.63,101.8,4246.59,1117.09,1730000000,8830.5,"511,003.20"
2021-06-16,81800,3278.68,101.8,4223.7,1132.68,2350000000,8830.5,"511,003.20"
2021-06-17,80900,3264.96,101.8,4221.86,1134.3,1850000000,8830.5,"511,003.20"
2021-06-18,80500,3267.93,101.8,4166.45,1134.94,1630000000,8830.5,"511,003.20"
2021-06-21,79900,3240.79,101.8,4224.79,1131.4,1510000000,8830.5,"511,003.20"
2021-06-22,80000,3263.88,101.8,4246.44,1133.57,1670000000,8830.5,"511,003.20"
2021-06-23,80100,3276.19,101.8,4241.84,1135.85,1070000000,8830.5,"511,003.20"
2021-06-24,81200,3286.1,101.8,4266.49,1130.78,1300000000,8830.5,"511,003.20"
2021-06-25,81600,3302.84,101.8,4280.7,1127.12,1200000000,8830.5,"511,003.20"
2021-06-28,81900,3301.89,101.8,4290.61,1130.04,1430000000,8830.5,"511,003.20"
2021-06-29,81000,3286.68,101.8,4291.8,1131.62,1210000000,8830.5,"511,003.20"
2021-06-30,80700,3296.68,101.8,4297.5,1130.48,1610000000,8830.5,"511,003.20"
2021-07-01,80100,3282.06,101.6,4319.94,1134.33,1160000000,7707.2,"518,021.30"
2021-07-02,80000,3281.78,101.6,4352.34,1130.53,1020000000,7707.2,"518,021.30"
2021-07-05,80400,3293.21,101.6,4347.94,1130.42,850410000,7707.2,"518,021.30"
2021-07-06,81200,3305.21,101.6,4343.54,1136.75,1030000000,7707.2,"518,021.30"
2021-07-07,80800,3285.34,101.6,4358.13,1141.5,1150000000,7707.2,"518,021.30"
2021-07-08,79900,3252.68,101.6,4320.82,1146.59,1520000000,7707.2,"518,021.30"
2021-07-09,79400,3217.95,101.6,4369.55,1143.73,1310000000,7707.2,"518,021.30"
2021-07-12,79700,3246.47,101.6,4384.63,1146.85,1140000000,7707.2,"518,021.30"
2021-07-13,79800,3271.38,101.6,4369.21,1149.94,1150000000,7707.2,"518,021.30"
2021-07-14,79500,3264.81,101.6,4374.3,1144.22,908950000,7707.2,"518,021.30"
2021-07-15,80600,3286.22,101.6,4360.03,1141.59,1170000000,7707.2,"518,021.30"
2021-07-16,79800,3276.91,101.6,4327.16,1141.51,1070000000,7707.2,"518,021.30"
2021-07-19,79000,3244.04,101.6,4258.63,1150.83,1100000000,7707.2,"518,021.30"
2021-07-20,79000,3232.7,101.6,4323.21,1147.47,979670000,7707.2,"518,021.30"
2021-07-21,78500,3215.91,101.6,4358.69,1149.31,990330000,7707.2,"518,021.30"
2021-07-22,79700,3250.21,101.6,4367.48,1150.55,712980000,7707.2,"518,021.30"
2021-07-23,79300,3254.42,101.6,4411.8,1151.52,805050000,7707.2,"518,021.30"
2021-07-26,78800,3224.95,101.6,4422.23,1152.54,826070000,7707.2,"518,021.30"
2021-07-27,78500,3232.53,101.6,4401.46,1154.25,991940000,7707.2,"518,021.30"
2021-07-28,79200,3236.86,101.6,4400.65,1150.27,868600000,7707.2,"518,021.30"
2021-07-29,79000,3242.65,101.6,4419.15,1143.12,694820000,7707.2,"518,021.30"
2021-07-30,78500,3202.32,101.6,4395.26,1151.41,687860000,7707.2,"518,021.30"
2021-08-02,79300,3223.04,101.4,4387.11,1150.18,561000000,7440,"518,021.30"
2021-08-03,81400,3237.14,101.4,4423.15,1148.44,653510000,7440,"518,021.30"
2021-08-04,82900,3280.38,101.4,4402.68,1144.76,632240000,7440,"518,021.30"
2021-08-05,82100,3276.13,101.4,4429.1,1142.59,680940000,7440,"518,021.30"
2021-08-06,81500,3270.36,101.4,4436.52,1144.93,941360000,7440,"518,021.30"
2021-08-09,81500,3260.42,101.4,4432.35,1146.89,707650000,7440,"518,021.30"
2021-08-10,80200,3243.19,101.4,4436.75,1152.7,730350000,7440,"518,021.30"
2021-08-11,78500,3220.62,101.4,4447.7,1153.98,618090000,7440,"518,021.30"
2021-08-12,77000,3208.38,101.4,4460.84,1162.98,643280000,7440,"518,021.30"
2021-08-13,74400,3171.29,101.4,4468,1161.37,696470000,7440,"518,021.30"
2021-08-17,74200,3143.09,101.4,4448.08,1177.3,690840000,7440,"518,021.30"
2021-08-18,73900,3158.93,101.4,4400.27,1170.03,622790000,7440,"518,021.30"
2021-08-19,73100,3097.83,101.4,4405.8,1176.28,655630000,7440,"518,021.30"
2021-08-20,72700,3060.51,101.4,4441.67,1175.15,672090000,7440,"518,021.30"
2021-08-23,73300,3090.21,101.4,4479.54,1169.36,570980000,7440,"518,021.30"
2021-08-24,75600,3138.3,101.4,4486.23,1163.65,586530000,7440,"518,021.30"
2021-08-25,75700,3146.81,101.4,4496.19,1163.87,624690000,7440,"518,021.30"
2021-08-26,74600,3128.53,101.4,4469.91,1170.53,727720000,7440,"518,021.30"
2021-08-27,74300,3133.9,101.4,4509.37,1161.23,520670000,7440,"518,021.30"
2021-08-30,74600,3144.19,101.4,4528.79,1164.34,602860000,7440,"518,021.30"
2021-08-31,76700,3199.27,101.4,4522.68,1158.73,661220000,7440,"518,021.30"
2021-09-01,76800,3207.02,101.1,4524.09,1155.47,746710000,10506.1,"518,021.30"
2021-09-02,76000,3175.85,101.1,4536.95,1158.05,757860000,10506.1,"518,021.30"
2021-09-03,76600,3201.06,101.1,4535.43,1154.28,641510000,10506.1,"518,021.30"
2021-09-06,77300,3203.33,101.1,4527.73,1157.04,726190000,10506.1,"518,021.30"
2021-09-07,76100,3187.42,101.1,4520.03,1161.98,760160000,10506.1,"518,021.30"
2021-09-08,76300,3162.99,101.1,4514.07,1166.54,859890000,10506.1,"518,021.30"
2021-09-09,75300,3114.7,101.1,4493.28,1169.64,927370000,10506.1,"518,021.30"
2021-09-10,75300,3125.76,101.1,4458.58,1170.23,723080000,10506.1,"518,021.30"
2021-09-13,76300,3127.86,101.1,4468.73,1172.83,732270000,10506.1,"518,021.30"
2021-09-14,76600,3148.83,101.1,4443.05,1172.23,713230000,10506.1,"518,021.30"
2021-09-15,77000,3153.4,101.1,4480.7,1166.23,616560000,10506.1,"518,021.30"
2021-09-16,76100,3130.09,101.1,4473.76,1175.19,612870000,10506.1,"518,021.30"
2021-09-17,77200,3140.51,101.1,4432.99,1180.69,589240000,10506.1,"518,021.30"
2021-09-23,77400,3127.58,101.1,4448.98,1174.63,623840000,10506.1,"518,021.30"
2021-09-24,77300,3125.24,101.1,4455.48,1179.68,753220000,10506.1,"518,021.30"
2021-09-27,77700,3133.64,101.1,4443.11,1177.94,883230000,10506.1,"518,021.30"
2021-09-28,76300,3097.92,101.1,4352.63,1187.16,894910000,10506.1,"518,021.30"
2021-09-29,74100,3060.27,101.1,4359.46,1187.11,821560000,10506.1,"518,021.30"
2021-09-30,74100,3068.82,101.1,4307.54,1184.23,885820000,10506.1,"518,021.30"
2021-10-01,73200,3019.18,100.7,4357.05,1180.35,855480000,8010.4,"526,257.60"
2021-10-05,72200,2962.17,100.7,4345.72,1186.48,840560000,8010.4,"526,257.60"
2021-10-06,71300,2908.31,100.7,4363.55,1190.21,901720000,8010.4,"526,257.60"
2021-10-07,71600,2959.46,100.7,4399.76,1190.88,595380000,8010.4,"526,257.60"
2021-10-08,71500,2956.3,100.7,4391.36,1196.79,668950000,8010.4,"526,257.60"
2021-10-12,69000,2916.38,100.7,4350.64,1197.29,660180000,8010.4,"526,257.60"
2021-10-13,68800,2944.41,100.7,4363.8,1186.18,752130000,8010.4,"526,257.60"
2021-10-14,69400,2988.64,100.7,4438.23,1181.69,617170000,8010.4,"526,257.60"
2021-10-15,70100,3015.06,100.7,4471.37,1182.07,857800000,8010.4,"526,257.60"
2021-10-18,70200,3006.68,100.7,4486.48,1185.47,926370000,8010.4,"526,257.60"
2021-10-19,70600,3029.04,100.7,4519.63,1175.13,845700000,8010.4,"526,257.60"
2021-10-20,70300,3013.13,100.7,4536.19,1175.63,680330000,8010.4,"526,257.60"
2021-10-21,70200,3007.33,100.7,4549.78,1177.78,887370000,8010.4,"526,257.60"
2021-10-22,70400,3006.16,100.7,4544.9,1177.48,695270000,8010.4,"526,257.60"
2021-10-25,70200,3020.54,100.7,4566.48,1168.02,791800000,8010.4,"526,257.60"
2021-10-26,71100,3049.08,100.7,4574.79,1167.95,564560000,8010.4,"526,257.60"
2021-10-27,70100,3025.49,100.7,4551.68,1172.05,607880000,8010.4,"526,257.60"
2021-10-28,70700,3009.55,100.7,4596.42,1168.44,617260000,8010.4,"526,257.60"
2021-10-29,69800,2970.68,100.7,4605.38,1174.47,545830000,8010.4,"526,257.60"
2021-11-01,69900,2978.94,100.4,4613.67,1177.45,475380000,6820.7,"526,257.60"
2021-11-02,71500,3013.49,100.4,4630.65,1178.48,525850000,6820.7,"526,257.60"
2021-11-03,70400,2975.71,100.4,4660.57,1178.78,658650000,6820.7,"526,257.60"
2021-11-04,70600,2983.22,100.4,4680.06,1185.75,772020000,6820.7,"526,257.60"
2021-11-05,70200,2969.27,100.4,4697.53,1181.05,688030000,6820.7,"526,257.60"
2021-11-08,70600,2960.2,100.4,4701.7,1180.84,560200000,6820.7,"526,257.60"
2021-11-09,70500,2962.46,100.4,4685.25,1178.4,708770000,6820.7,"526,257.60"
2021-11-10,70200,2930.17,100.4,4646.71,1185.04,570930000,6820.7,"526,257.60"
2021-11-11,69900,2924.92,100.4,4649.27,1182.39,572860000,6820.7,"526,257.60"
2021-11-12,70600,2968.8,100.4,4682.85,1179.2,665730000,6820.7,"526,257.60"
2021-11-15,71400,2999.52,100.4,4682.81,1183.42,639400000,6820.7,"526,257.60"
2021-11-16,71300,2997.21,100.4,4700.9,1183.85,579650000,6820.7,"526,257.60"
2021-11-17,70700,2962.42,100.4,4688.67,1180.46,541490000,6820.7,"526,257.60"
2021-11-18,70200,2947.38,100.4,4706.64,1182.37,541650000,6820.7,"526,257.60"
2021-11-19,71200,2971.02,100.4,4697.96,1187.1,657090000,6820.7,"526,257.60"
2021-11-22,74900,3013.25,100.4,4682.95,1190.08,530960000,6820.7,"526,257.60"
2021-11-23,75300,2997.33,100.4,4690.7,1189.08,524230000,6820.7,"526,257.60"
2021-11-24,74800,2994.29,100.4,4701.46,1188.77,556640000,6820.7,"526,257.60"
2021-11-25,73700,2980.27,100.4,4648.04,1190.16,595970000,6820.7,"526,257.60"
2021-11-26,72300,2936.44,100.4,4594.62,1194.43,595600000,6820.7,"526,257.60"
2021-11-29,72300,2909.32,100.4,4655.27,1190.69,844400000,6820.7,"526,257.60"
2021-11-30,71300,2839.01,100.4,4567,1182.71,983560000,6820.7,"526,257.60"
2021-12-01,74400,2899.72,100.2,4513.04,1176.93,563930000,6062,"526,257.60"
2021-12-02,75800,2945.27,100.2,4577.1,1176.74,534460000,6062,"526,257.60"
2021-12-03,75600,2968.33,100.2,4538.43,1181,486750000,6062,"526,257.60"
2021-12-06,76300,2973.25,100.2,4591.67,1180.54,479910000,6062,"526,257.60"
2021-12-07,77400,2991.72,100.2,4686.75,1176.73,541370000,6062,"526,257.60"
2021-12-08,77400,3001.8,100.2,4701.21,1175.19,488250000,6062,"526,257.60"
2021-12-09,78200,3029.57,100.2,4667.45,1178.15,513440000,6062,"526,257.60"
2021-12-10,76900,3010.23,100.2,4712.02,1180.86,451600000,6062,"526,257.60"
2021-12-13,76800,3001.66,100.2,4669.15,1184.91,375830000,6062,"526,257.60"
2021-12-14,77000,2987.95,100.2,4634.09,1185.19,581570000,6062,"526,257.60"
2021-12-15,77600,2989.39,100.2,4709.84,1184.57,432870000,6062,"526,257.60"
2021-12-16,77800,3006.41,100.2,4668.67,1186.29,402820000,6062,"526,257.60"
2021-12-17,78000,3017.73,100.2,4620.64,1187.7,451820000,6062,"526,257.60"
2021-12-20,77100,2963,100.2,4568.02,1189.53,377580000,6062,"526,257.60"
2021-12-21,78100,2975.03,100.2,4649.23,1190.67,410980000,6062,"526,257.60"
2021-12-22,79400,2984.48,100.2,4696.56,1190.21,461760000,6062,"526,257.60"
2021-12-23,79900,2998.17,100.2,4725.78,1185.55,483840000,6062,"526,257.60"
2021-12-24,80500,3012.43,100.2,4758.485,1185.99,537550000,6062,"526,257.60"
2021-12-27,80200,2999.55,100.2,4791.19,1185.61,475360000,6062,"526,257.60"
2021-12-28,80300,3020.24,100.2,4786.36,1188.09,607050000,6062,"526,257.60"
2021-12-29,78800,2993.29,100.2,4793.06,1184.7,545830000,6062,"526,257.60"
2021-12-30,78300,2977.65,100.2,4778.73,1189.36,461040000,6062,"526,257.60"
2022-01-03,78600,2988.77,100.1,4796.56,1193,435820000,1915.5,
2022-01-04,78700,2989.24,100.1,4793.54,1197.49,621550000,1915.5,
2022-01-05,77400,2953.97,100.1,4700.58,1198.2,787350000,1915.5,
2022-01-06,76900,2920.53,100.1,4696.05,1204.95,786040000,1915.5,
2022-01-07,78300,2954.89,100.1,4677.02,1197.63,546170000,1915.5,
2022-01-10,78000,2926.72,100.1,4670.29,1198.04,477400000,1915.5,
2022-01-11,78900,2927.38,100.1,4713.07,1192.31,566170000,1915.5,
2022-01-12,78900,2972.48,100.1,4726.35,1185.87,519500000,1915.5,
2022-01-13,77900,2962.09,100.1,4659.02,1186.11,604870000,1915.5,
2022-01-14,77300,2921.92,100.1,4662.85,1190.07,532670000,1915.5,
2022-01-17,77500,2890.1,100.1,4620.095,1189.99,593260000,1915.5,
2022-01-18,77000,2864.24,100.1,4577.34,1192.69,554040000,1915.5,
2022-01-19,76300,2842.28,100.1,4532.76,1188.13,463830000,1915.5,
2022-01-20,76500,2862.68,100.1,4482.73,1192.42,395670000,1915.5,
2022-01-21,75600,2834.29,100.1,4397.93,1192.51,532750000,1915.5,
2022-01-24,75100,2792,100.1,4410.13,1195.59,473990000,1915.5,
2022-01-25,74000,2720.39,100.1,4356.45,1196.35,639960000,1915.5,
2022-01-26,73300,2709.24,100.1,4349.93,1197.03,472650000,1915.5,
2022-01-27,71300,2614.49,100.1,4326.5,1203.77,487730000,1915.5,
2022-01-28,73300,2663.34,100.1,4431.85,1209.56,434190000,1915.5,
2022-02-03,73300,2707.82,99.8,4477.44,1199.47,435710000,6419.4,
2022-02-04,74000,2750.26,99.8,4500.54,1198.25,536150000,6419.4,
2022-02-07,73000,2745.06,99.8,4483.87,1196.87,417840000,6419.4,
2022-02-08,73500,2746.47,99.8,4521.54,1196.35,560530000,6419.4,
2022-02-09,74700,2768.85,99.8,4587.18,1194.05,539120000,6419.4,
2022-02-10,75400,2771.93,99.8,4504.06,1199.83,509610000,6419.4,
2022-02-11,74900,2747.71,99.8,4418.64,1199.48,480520000,6419.4,
2022-02-14,73700,2704.48,99.8,4401.67,1197.32,616340000,6419.4,
2022-02-15,73700,2676.54,99.8,4471.07,1196.76,589040000,6419.4,
2022-02-16,74800,2729.68,99.8,4475.01,1196.53,422370000,6419.4,
2022-02-17,75000,2744.09,99.8,4380.26,1198.63,611420000,6419.4,
2022-02-18,74300,2744.52,99.8,4348.87,1195.59,513520000,6419.4,
2022-02-21,74200,2743.8,99.8,4326.805,1193.68,495300000,6419.4,
2022-02-22,73400,2706.79,99.8,4304.74,1191.9,648400000,6419.4,
2022-02-23,73000,2719.53,99.8,4225.5,1192.44,537840000,6419.4,
2022-02-24,71500,2648.8,99.8,4288.7,1206.05,926400000,6419.4,
2022-02-25,71900,2676.76,99.8,4384.62,1197.57,664350000,6419.4,
2022-02-28,72100,2699.18,99.8,4373.79,1200.12,613470000,6419.4,
2022-03-02,71700,2703.52,99.8,4386.54,1203.16,527950000,6200,
2022-03-03,72900,2747.08,99.8,4363.49,1205.54,614510000,6200,
2022-03-04,71500,2713.43,99.8,4328.87,1217.45,765680000,6200,
2022-03-07,70100,2651.31,99.8,4201.09,1232.14,571560000,6200,
2022-03-08,69500,2622.4,99.8,4170.62,1233.53,540370000,6200,
2022-03-10,71200,2680.32,99.8,4259.52,1228.83,613810000,6200,
2022-03-11,70000,2661.28,99.8,4204.31,1237.08,797030000,6200,
2022-03-14,70200,2645.65,99.8,4173.11,1240.64,636320000,6200,
2022-03-15,69500,2621.53,99.8,4262.45,1240.62,604180000,6200,
2022-03-16,70400,2659.23,99.8,4357.95,1225.35,736350000,6200,
2022-03-17,71200,2694.51,99.8,4411.67,1209.89,546080000,6200,
2022-03-18,70700,2707.02,99.8,4463.09,1211.15,644020000,6200,
2022-03-21,69900,2686.05,99.8,4461.18,1217.55,502400000,6200,
2022-03-22,70300,2710,99.8,4511.61,1215.07,489440000,6200,
2022-03-23,70500,2735.05,99.8,4456.23,1218.62,883370000,6200,
2022-03-24,69800,2729.66,99.8,4520.16,1219.58,960900000,6200,
2022-03-25,69800,2729.98,99.8,4543.04,1225.08,602770000,6200,
2022-03-28,69700,2729.56,99.8,4575.52,1223.65,768040000,6200,
2022-03-29,70200,2741.07,99.8,4631.6,1207.35,732160000,6200,
2022-03-30,69900,2746.74,99.8,4602.45,1210.31,824510,6200,
2022-03-31,69600,2757.65,99.8,4530.41,1214.17,1030000000,6200,
2022-04-01,69100,2739.85,99.8,4545.86,1219.73,1310000000,6200,
2022-04-04,69300,2757.9,99.8,4582.64,1213.75,1020000000,6200,
2022-04-05,69200,2759.2,99.8,4525.12,1218.22,1610000000,6200,
2022-04-06,68500,2735.03,99.8,4481.15,1217.48,1320000000,6200,
2022-04-07,68000,2695.86,99.8,4500.21,1222.55,999280000,6200,
2022-04-08,67800,2700.39,99.8,4488.28,1229.19,948360000,6200,
2022-04-11,67900,2693.1,99.8,4412.53,1234.32,742600000,6200,
2022-04-12,67000,2666.76,99.8,4397.45,1228.08,870970000,6200,
2022-04-13,68700,2716.49,99.8,4446.59,1223.23,733240000,6200,
2022-04-14,67500,2716.71,99.8,4392.59,1230.15,665350000,6200,
2022-04-15,66600,2696.06,99.8,4392.14,1228.19,693720000,6200,
2022-04-18,66700,2693.21,99.8,4391.69,1235.22,1020000000,6200,
2022-04-19,67300,2718.89,99.8,4462.21,1239.53,1260000000,6200,
2022-04-20,67400,2718.69,99.8,4459.45,1233.66,1740000000,6200,
2022-04-21,67700,2728.21,99.8,4393.66,1242.81,1000000000,6200,
2022-04-22,67000,2704.71,99.9,4271.78,1244.11,1240000000,6200,
2022-04-25,66400,2657.13,99.9,4237.89,1250.52,988350,6200,
